time [ns],x [m],y [m],z [m],a [rad],b [rad],c [rad],d [rad]
0,-1.477632,0.821684,3.0448009999999996,-0.086015,0.951414,0.025243,0.294577
12499999,-1.477236,0.8248270000000001,3.045195,-0.09764,0.9509690000000001,0.043606,0.29021199999999997
25000000,-1.47522,0.8279120000000001,3.047156,-0.080122,0.9424,0.035071,0.32285
37500000,-1.476105,0.8315959999999999,3.048502,-0.06458,0.944664,0.02951,0.320262
49999999,-1.478815,0.8304379999999999,3.047552,-0.039069,0.956594,0.014145,0.288446
62500000,-1.47823,0.835274,3.0490180000000002,-0.08784600000000001,0.948881,0.036881,0.30091100000000004
74999999,-1.4786350000000001,0.838744,3.049824,-0.100222,0.9470040000000001,0.049947000000000005,0.301071
87500000,-1.4786350000000001,0.838744,3.049824,-0.100222,0.9470040000000001,0.049947000000000005,0.301071
100000000,-1.4786350000000001,0.838744,3.049824,-0.100222,0.9470040000000001,0.049947000000000005,0.301071
112499999,-1.4802469999999999,0.8434860000000001,3.052879,-0.083807,0.9494440000000001,0.036542000000000005,0.300327
125000000,-1.479571,0.844247,3.054377,-0.031014,0.950092,0.035343,0.30840700000000004
137499999,-1.482726,0.843144,3.055028,-0.011649,0.9575450000000001,0.000998,0.288048
150000000,-1.480566,0.8481770000000001,3.057105,-0.040323000000000005,0.9466629999999999,0.018008,0.319185
162500000,-1.482111,0.8481879999999999,3.056873,-0.066834,0.9524030000000001,0.020653,0.296709
174999999,-1.482625,0.850088,3.05804,-0.069284,0.953232,0.018836000000000002,0.293586
187500000,-1.482625,0.850088,3.05804,-0.069284,0.953232,0.018836000000000002,0.293586
199999999,-1.4830219999999998,0.8538899999999999,3.0596419999999998,-0.056115,0.952792,0.006864,0.298315
212500000,-1.482568,0.858082,3.06018,-0.07859400000000001,0.949569,0.025751,0.302453
225000000,-1.483012,0.857877,3.061466,-0.055716999999999996,0.9521209999999999,-0.011566,0.30038000000000004
237499999,-1.482947,0.86275,3.062084,-0.06251,0.951307,0.011269,0.301629
250000000,-1.482947,0.86275,3.062084,-0.06251,0.951307,0.011269,0.301629
262499999,-1.484931,0.866505,3.063514,0.004973,0.958148,-0.025442,0.285099
275000000,-1.484437,0.869288,3.064542,0.008549,0.958426,-0.023862,0.28421199999999996
287500000,-1.483933,0.8731700000000001,3.065688,-0.008654,0.9572459999999999,-0.029657999999999997,0.287621
299999999,-1.483746,0.8767209999999999,3.066642,0.006221,0.9574299999999999,-0.029278,0.287109
312500000,-1.483062,0.879287,3.066758,0.00799,0.9597620000000001,-0.028062,0.27929499999999996
324999999,-1.483314,0.8843780000000001,3.068404,0.014141999999999998,0.958364,-0.023303,0.28424499999999997
337500000,-1.482251,0.8873610000000001,3.069118,0.014605000000000002,0.959209,-0.021271,0.281519
350000000,-1.4816040000000001,0.8901680000000001,3.069465,0.005992,0.9592700000000001,-0.025604000000000002,0.281263
362499999,-1.480959,0.89523,3.070657,0.023055000000000003,0.957625,-0.026597000000000003,0.28585900000000003
375000000,-1.479696,0.899302,3.07165,0.013113999999999999,0.959973,-0.016585,0.27929299999999996
387499999,-1.478687,0.903525,3.072577,0.008607,0.959852,-0.017647,0.27981999999999996
400000000,-1.4779149999999999,0.9073180000000001,3.072998,0.011307,0.96067,-0.026583,0.276185
412500000,-1.475845,0.911507,3.0734790000000003,0.019677,0.959684,-0.017907,0.279821
424999999,-1.4741819999999999,0.916841,3.074425,0.014136000000000001,0.959576,-0.023438,0.280117
437500000,-1.472579,0.923098,3.075632,-0.006862,0.956752,-0.0031850000000000003,0.290806
449999999,-1.470939,0.92637,3.075781,0.015347,0.959425,-0.022152,0.280674
462500000,-1.4694040000000002,0.9324959999999999,3.07685,0.002234,0.959382,-0.013074,0.28179699999999996
475000000,-1.467654,0.936926,3.077532,0.012459,0.9595520000000001,-0.016715,0.280758
487499999,-1.464307,0.943124,3.078854,0.020163,0.9564020000000001,-0.016684,0.290878
500000000,-1.4634459999999998,0.9479,3.079611,0.023777,0.9567190000000001,-0.029411,0.288546
512499999,-1.461144,0.9529690000000001,3.079374,0.0025,0.9593020000000001,-0.019967,0.281663
525000000,-1.459668,0.9596620000000001,3.080526,0.004232,0.9607379999999999,-0.01151,0.277185
537500000,-1.456647,0.9676379999999999,3.081572,-0.032249,0.9568270000000001,0.01075,0.288664
549999999,-1.4543780000000002,0.9718620000000001,3.081624,-0.017255,0.9588840000000001,0.013203,0.282966
562500000,-1.446957,0.9810559999999999,3.08343,-0.09477100000000001,0.9376129999999999,0.056114,0.32977399999999996
574999999,-1.447598,0.9866729999999999,3.084384,-0.043812000000000004,0.947548,0.029726,0.315198
587500000,-1.447778,0.9915290000000001,3.084716,-0.062547,0.954326,0.010606,0.291953
600000000,-1.44537,0.998667,3.084811,-0.067624,0.953407,0.033609,0.292083
612500000,-1.442283,1.00399,3.085804,-0.09655,0.94947,0.024143,0.29766
624999999,-1.441819,1.0083950000000002,3.086806,-0.050281,0.955405,-0.009779000000000001,0.29082199999999997
637499999,-1.4377280000000001,1.017692,3.087192,-0.04682,0.951939,0.044051,0.29946500000000004
650000000,-1.4333989999999999,1.024878,3.088765,-0.1029,0.938333,0.049704000000000005,0.3263
662500000,-1.4353040000000001,1.028692,3.088932,-0.06258899999999999,0.953073,0.00305,0.296185
675000000,-1.432692,1.038074,3.089032,-0.10336500000000001,0.948032,0.043531,0.297752
687499999,-1.430597,1.0430270000000001,3.090109,-0.100536,0.948807,0.030194,0.29790300000000003
699999999,-1.428583,1.0517290000000001,3.090189,-0.11295,0.945833,0.056589999999999994,0.299065
712500000,-1.424647,1.058435,3.0917209999999997,-0.1167,0.93804,0.047715,0.322777
725000000,-1.426719,1.06275,3.092352,-0.070812,0.953614,0.011082,0.292375
737500000,-1.420901,1.07202,3.092905,-0.116809,0.935679,0.055258,0.32834
749999999,-1.4242110000000001,1.076511,3.093797,-0.07169099999999999,0.953558,0.004779,0.292513
762499999,-1.423146,1.081032,3.093856,-0.055247000000000004,0.9576530000000001,-0.010062,0.282395
775000000,-1.4201409999999999,1.0891879999999998,3.094497,-0.095692,0.948774,0.009336,0.30096999999999996
787500000,-1.417581,1.098296,3.0964669999999996,-0.085722,0.9436629999999999,0.02814,0.318371
800000000,-1.418205,1.103612,3.0958360000000003,-0.10468800000000002,0.9491290000000001,0.031671,0.295283
812499999,-1.418687,1.108582,3.097106,-0.062209,0.954829,-0.013632,0.29025100000000004
824999999,-1.413831,1.1181780000000001,3.097893,-0.101677,0.9401940000000001,0.042906,0.322269
837500000,-1.415764,1.1234629999999999,3.097657,-0.097079,0.949918,0.027839999999999997,0.295731
850000000,-1.416389,1.1297700000000002,3.0987150000000003,-0.063725,0.954908,0.00796,0.28987399999999997
862500000,-1.4141299999999999,1.136855,3.098863,-0.099712,0.949017,0.030405,0.29749000000000003
874999999,-1.415035,1.143476,3.099919,-0.07728,0.9531940000000001,0.008583,0.292191
887499999,-1.413504,1.1501059999999999,3.10016,-0.09378099999999999,0.950209,0.0266,0.295975
900000000,-1.412693,1.157346,3.100753,-0.11146500000000001,0.9474049999999999,0.036497,0.297769
912500000,-1.410936,1.164976,3.102091,-0.077812,0.943509,0.039331,0.319671
925000000,-1.413908,1.168313,3.102036,-0.046374,0.9551370000000001,-0.006215999999999999,0.292446
937499999,-1.4138389999999998,1.1763700000000001,3.102749,-0.067897,0.954463,0.011704,0.290263
949999999,-1.413361,1.18287,3.102818,-0.061603,0.953176,0.010908,0.29587600000000003
962500000,-1.4126809999999999,1.1887530000000002,3.103509,-0.078065,0.951198,0.009768,0.29838400000000004
975000000,-1.412467,1.196324,3.104124,-0.100517,0.94945,0.034477,0.29538600000000004
987500000,-1.414369,1.202695,3.104545,-0.048172,0.9564739999999999,0.014481,0.287451
999999999,-1.415894,1.208898,3.104873,-0.034604,0.960009,-0.000602,0.277823
1012499999,-1.415783,1.2149299999999998,3.105832,-0.037645,0.959166,-0.007426,0.280229
1025000000,-1.4136879999999998,1.2232379999999998,3.1061349999999996,-0.08468200000000001,0.950915,0.027107999999999997,0.296402
1037500000,-1.4155469999999999,1.230285,3.10728,-0.056696,0.9549860000000001,0.003679,0.29116
1050000000,-1.4154010000000001,1.2385190000000001,3.106882,-0.06299600000000001,0.95319,0.032684,0.293926
1062499999,-1.4158030000000001,1.244433,3.1080740000000002,-0.067354,0.953916,0.015186000000000002,0.292023
1074999999,-1.416607,1.2514299999999998,3.108675,-0.06160499999999999,0.954354,0.006734,0.292177
1087500000,-1.416101,1.2589489999999999,3.1087990000000003,-0.085404,0.9515100000000001,0.027438,0.294249
1100000000,-1.417945,1.2660790000000002,3.1097599999999996,-0.058837,0.955068,0.002679,0.290477
1112500000,-1.418356,1.272646,3.110208,-0.047281000000000004,0.954851,-0.006295,0.29323
1124999999,-1.4160620000000002,1.283584,3.110952,-0.072486,0.943787,0.044193,0.319467
1137499999,-1.420204,1.288267,3.11136,-0.048681,0.9558840000000001,0.0022010000000000003,0.289675
1150000000,-1.41956,1.296338,3.111431,-0.082341,0.9523459999999999,0.02625,0.29251900000000003
1162500000,-1.42188,1.303641,3.112276,-0.047923,0.9567559999999999,0.007923000000000001,0.28680700000000003
1175000000,-1.421339,1.311996,3.112342,-0.077113,0.951982,0.031542,0.294599
1187499999,-1.422145,1.31926,3.113025,-0.079399,0.95226,0.029514,0.2933
1199999999,-1.4233040000000001,1.326905,3.113596,-0.076075,0.9525520000000001,0.032343000000000004,0.292935
1212500000,-1.424313,1.334274,3.114243,-0.064308,0.953484,0.019431999999999998,0.29386100000000004
1225000000,-1.424756,1.342291,3.114697,-0.084615,0.9515110000000001,0.032218000000000004,0.29399000000000003
1237500000,-1.427139,1.349449,3.115581,-0.044087,0.95626,0.00848,0.289051
1249999999,-1.4291459999999998,1.356809,3.116027,-0.020863,0.9600489999999999,-0.008085,0.278935
1262499999,-1.428321,1.364265,3.1159169999999996,-0.059859,0.956628,0.029710000000000004,0.283545
1275000000,-1.4310120000000002,1.371856,3.116704,-0.020737000000000002,0.9615090000000001,-0.001854,0.273983
1287500000,-1.430402,1.379774,3.116982,-0.046205,0.957976,0.028386,0.281675
1300000000,-1.433179,1.3880139999999999,3.11822,-0.025356,0.9608780000000001,-0.000583,0.27581
1312499999,-1.433858,1.3950120000000001,3.118634,-0.033109,0.9603450000000001,-0.009604999999999999,0.276674
1324999999,-1.4329459999999998,1.4024020000000001,3.118635,-0.053139,0.956261,0.025969,0.28647399999999995
1337500000,-1.434169,1.4106940000000001,3.120052,-0.075166,0.9531350000000001,0.02877,0.291644
1350000000,-1.437764,1.4158819999999999,3.1206259999999997,-0.027027,0.961874,0.006719,0.272072
1362500000,-1.438217,1.4194719999999998,3.121021,-0.024113,0.962701,0.00015900000000000002,0.269491
1374999999,-1.438556,1.4274639999999998,3.122236,-0.055287,0.955728,0.025952,0.287844
1387499999,-1.438639,1.432484,3.1228439999999997,-0.081173,0.951858,0.040987,0.29274
1400000000,-1.440304,1.436395,3.122954,-0.057469000000000006,0.9564360000000001,0.044825,0.282698
1412500000,-1.4435850000000001,1.439943,3.124263,-0.026306,0.961664,0.011006,0.27274499999999996
1425000000,-1.444145,1.442473,3.124568,-0.019851,0.9623200000000001,0.003599,0.271169
1437499999,-1.4453799999999999,1.4463620000000001,3.125531,-0.033901,0.960601,0.008965,0.27571
1449999999,-1.445997,1.449429,3.125891,-0.029398,0.960218,0.005484,0.277647
1462500000,-1.44761,1.453408,3.1268830000000003,-0.041602,0.9617620000000001,0.003334,0.270687
1475000000,-1.448056,1.455467,3.1271430000000002,-0.031327999999999995,0.960361,0.003215,0.276974
1487500000,-1.450048,1.459,3.127997,-0.02074,0.961619,-0.000977,0.273602
1499999999,-1.451252,1.461697,3.1287990000000003,-0.022629,0.9619790000000001,0.000917,0.27218200000000004
1512499999,-1.4525860000000002,1.46433,3.129249,-0.010501,0.962299,-0.002938,0.271776
1525000000,-1.453642,1.466425,3.13007,-0.021079,0.961902,-0.0036009999999999996,0.272557
1537500000,-1.455003,1.468907,3.130943,-0.01911,0.9622299999999999,-0.002578,0.27155300000000004
1550000000,-1.456275,1.4710530000000002,3.131538,-0.013966999999999999,0.960817,-0.012594,0.276543
1562499999,-1.457616,1.473025,3.132134,-0.020007,0.962383,-0.003101,0.270943
1574999999,-1.4589530000000002,1.474974,3.133006,-0.013104,0.963526,0.0007099999999999999,0.26729200000000003
1587500000,-1.46054,1.477191,3.133883,-0.018585,0.963151,-0.006462999999999999,0.268241
1600000000,-1.461473,1.478682,3.1347490000000002,-0.025471,0.9623709999999999,-0.002043,0.27053699999999997
1612500000,-1.462215,1.4795,3.135238,-0.028026,0.9621350000000001,-0.005318,0.27107800000000004
1624999999,-1.4639149999999999,1.48135,3.1362799999999997,-0.023591,0.961744,-0.007090000000000001,0.272841
1637499999,-1.465284,1.4831299999999998,3.137304,-0.01958,0.9621940000000001,-0.001336,0.27165700000000004
1650000000,-1.466181,1.483832,3.137791,-0.028562,0.9621799999999999,-0.000787,0.27091
1662500000,-1.467501,1.4852450000000001,3.13866,-0.017296000000000002,0.961292,-0.006464,0.274912
1675000000,-1.4691040000000002,1.487531,3.139758,-0.018292,0.961644,-0.004507,0.27365300000000004
1687499999,-1.4701549999999999,1.488573,3.1402959999999998,-0.023534,0.9614290000000001,-0.0050409999999999995,0.273997
1699999999,-1.470885,1.489606,3.141038,-0.034582999999999996,0.9611559999999999,-0.001347,0.273828
1712500000,-1.472477,1.491105,3.1419479999999997,-0.014306999999999999,0.9631200000000001,0.0057810000000000005,0.268629
1725000000,-1.473483,1.492221,3.142449,-0.027103,0.9617979999999999,0.001475,0.27241
1737500000,-1.474851,1.493957,3.143353,-0.032368,0.96041,-0.002179,0.27669499999999997
1749999999,-1.476493,1.495639,3.1441169999999996,-0.027201999999999997,0.9628040000000001,0.003428,0.268808
1762499999,-1.4775969999999998,1.496704,3.144683,-0.024054,0.9617620000000001,0.0035310000000000003,0.272804
1775000000,-1.478487,1.49747,3.1455189999999997,-0.032113,0.961045,0.006975,0.274431
1787500000,-1.47991,1.49811,3.146734,-0.025822,0.962147,-0.005071,0.271257
1800000000,-1.4807780000000001,1.49919,3.1475470000000003,-0.038461,0.960918,-0.002058,0.274142
1812499999,-1.481375,1.50204,3.148261,-0.048914,0.9565670000000001,0.016894,0.28688400000000003
1824999999,-1.4835260000000001,1.501602,3.148786,-0.02398,0.9622930000000001,-0.000449,0.270954
1837500000,-1.484508,1.5027620000000002,3.149917,-0.044666000000000004,0.960499,0.001364,0.274673
1850000000,-1.485115,1.505004,3.150774,-0.052908000000000004,0.95689,0.015387999999999999,0.285177
1862500000,-1.485847,1.506297,3.151594,-0.066953,0.9553299999999999,0.030017000000000002,0.286287
1874999999,-1.4875200000000002,1.506664,3.152124,-0.048489,0.9584450000000001,0.029156,0.27960999999999997
1887499999,-1.488634,1.507722,3.15351,-0.06439099999999999,0.9562440000000001,0.027691000000000004,0.28405
1900000000,-1.489935,1.5084389999999999,3.154423,-0.064679,0.9566180000000001,0.026501999999999998,0.282837
1912500000,-1.4913,1.509049,3.154764,-0.052820000000000006,0.9584729999999999,0.030458999999999996,0.278588
1925000000,-1.492474,1.509895,3.156328,-0.068673,0.955355,0.026059,0.28618299999999997
1937499999,-1.4947780000000002,1.5101930000000001,3.157207,-0.039736,0.9584469999999999,0.012412999999999999,0.282217
1949999999,-1.495982,1.510516,3.157473,-0.037662,0.9602120000000001,0.018576,0.276096
1962500000,-1.496569,1.511569,3.159131,-0.06628200000000001,0.956383,0.023563999999999998,0.283521
1975000000,-1.4978479999999998,1.512153,3.160039,-0.064498,0.9561629999999999,0.026312000000000002,0.284429
1987500000,-1.499867,1.512338,3.1609979999999998,-0.045058,0.957741,0.015354,0.283665
1999999999,-1.500548,1.512844,3.1617830000000002,-0.06264,0.956515,0.027481000000000002,0.28355
2012499999,-1.501737,1.513045,3.162786,-0.066147,0.956152,0.025976,0.284118
2025000000,-1.503311,1.513307,3.163863,-0.060612,0.95701,0.023197,0.282702
2037500000,-1.5060120000000001,1.511707,3.164818,-0.023972999999999998,0.962879,-0.0054,0.268812
2050000000,-1.506936,1.511952,3.165725,-0.027583,0.962307,0.006229,0.270492
2062499999,-1.5080850000000001,1.5141850000000001,3.1670220000000002,-0.04226,0.95904,0.015577,0.279669
2074999999,-1.508368,1.514131,3.167786,-0.066786,0.9563719999999999,0.027875999999999998,0.283047
2087500000,-1.510127,1.513937,3.168434,-0.047419,0.959413,0.027701,0.276607
2100000000,-1.511277,1.514155,3.169707,-0.052355,0.9580799999999999,0.03313,0.27972199999999997
2112500000,-1.512202,1.514738,3.170969,-0.071918,0.955594,0.030187000000000002,0.28417600000000004
2124999999,-1.514313,1.5143360000000001,3.17148,-0.044757,0.959367,0.029307999999999997,0.277043
2137499999,-1.517227,1.514097,3.173139,-0.006987,0.96265,0.0054009999999999996,0.27060300000000004
2150000000,-1.5165170000000001,1.514614,3.174254,-0.067544,0.955883,0.028863999999999997,0.28441700000000003
2162500000,-1.518106,1.514514,3.175344,-0.062051,0.95673,0.028369,0.28286500000000003
2175000000,-1.519623,1.514155,3.17592,-0.04972,0.9597030000000001,0.03025,0.27492300000000003
2187499999,-1.520618,1.514432,3.177636,-0.069986,0.9562579999999999,0.028457999999999997,0.28260100000000005
2199999999,-1.521967,1.514526,3.178693,-0.068639,0.955838,0.029818,0.28420700000000004
2212500000,-1.523384,1.514578,3.180023,-0.072921,0.95539,0.022813,0.28529299999999996
2225000000,-1.52509,1.513837,3.180441,-0.05847,0.958766,0.035045,0.275901
2237500000,-1.526182,1.513568,3.181875,-0.061189,0.956932,0.030906,0.282103
2249999999,-1.527763,1.5131620000000001,3.1831490000000002,-0.06067,0.9574290000000001,0.023694,0.281225
2262499999,-1.529058,1.5130549999999998,3.18415,-0.063796,0.9573280000000001,0.026945,0.280582
2275000000,-1.530548,1.512818,3.185494,-0.066558,0.956583,0.027780000000000003,0.282394
2287500000,-1.5325090000000001,1.512141,3.186748,-0.049412,0.9582930000000001,0.016984,0.280969
2300000000,-1.534482,1.511724,3.188159,-0.036573,0.9603799999999999,0.007654,0.276179
2312499999,-1.534948,1.511327,3.189037,-0.053666,0.957779,0.017911,0.281884
2324999999,-1.536426,1.510664,3.190375,-0.055614,0.95731,0.016538,0.28318000000000004
2337500000,-1.5380719999999999,1.5101639999999998,3.1914,-0.049262,0.9581280000000001,0.016045,0.281614
2350000000,-1.539226,1.5094020000000001,3.1925220000000003,-0.050408999999999995,0.9586370000000001,0.018505,0.279522
2362500000,-1.540355,1.50975,3.193721,-0.064623,0.9574950000000001,0.032286,0.27925700000000003
2374999999,-1.54082,1.508736,3.195004,-0.08645599999999999,0.954209,0.034662,0.284271
2387499999,-1.5430780000000002,1.5081959999999999,3.1963790000000003,-0.057315,0.957752,0.023354,0.280857
2400000000,-1.5441129999999998,1.508401,3.197829,-0.07393999999999999,0.955886,0.022024000000000002,0.283427
2412500000,-1.545784,1.50763,3.198412,-0.058562,0.9591209999999999,0.035204,0.274623
2425000000,-1.547142,1.507511,3.200107,-0.059259000000000006,0.9578610000000001,0.026439999999999998,0.279805
2437499999,-1.548437,1.507168,3.201289,-0.06030800000000001,0.958009,0.024968999999999998,0.27921
2449999999,-1.54989,1.5071620000000001,3.202615,-0.061975999999999996,0.9577190000000001,0.025833,0.27975900000000004
2462500000,-1.551323,1.507058,3.2039,-0.056115,0.958174,0.02384,0.279616
2475000000,-1.552382,1.507093,3.205072,-0.06550399999999999,0.957291,0.028242000000000003,0.28018899999999997
2487500000,-1.5551709999999999,1.5066389999999998,3.2062,-0.023312,0.9626809999999999,0.01792,0.26903699999999997
2499999999,-1.556155,1.50686,3.208097,-0.039855,0.9598260000000001,0.010514,0.277553
2512499999,-1.5567,1.506869,3.209066,-0.059884,0.9576530000000001,0.023959,0.280607
2525000000,-1.5581530000000001,1.506651,3.2098310000000003,-0.046577,0.9603379999999999,0.031462000000000004,0.27311399999999997
2537500000,-1.55951,1.5070270000000001,3.211727,-0.06160499999999999,0.958132,0.024526,0.278545
2550000000,-1.5607659999999999,1.507248,3.212875,-0.057914,0.9577760000000001,0.020809,0.280853
2562499999,-1.562184,1.507439,3.214177,-0.053978,0.958541,0.018749000000000002,0.279167
2574999999,-1.563469,1.507617,3.215653,-0.060848,0.9576379999999999,0.02411,0.280437
2587500000,-1.564727,1.507888,3.21671,-0.059447,0.9576620000000001,0.025144999999999997,0.280566
2600000000,-1.566049,1.50809,3.217581,-0.055255,0.9597459999999999,0.032004000000000005,0.273516
2612500000,-1.568191,1.50872,3.219868,-0.042671,0.9600190000000001,0.012034999999999999,0.276403
2624999999,-1.570968,1.507939,3.220916,-0.009761,0.965117,-0.002052,0.26163000000000003
2637499999,-1.571955,1.508044,3.22187,-0.017754,0.965464,0.004519,0.259891
2650000000,-1.5728010000000001,1.508533,3.223089,-0.034229,0.9645440000000001,0.010449,0.26148499999999997
2662500000,-1.573331,1.509498,3.224634,-0.046047000000000005,0.960499,0.011959000000000001,0.274187
2675000000,-1.574625,1.510054,3.226044,-0.034991,0.9625,0.019102,0.268337
2687499999,-1.574938,1.5104090000000001,3.227267,-0.053534000000000005,0.9589989999999999,0.030538,0.276627
2699999999,-1.576315,1.511262,3.228803,-0.06258999999999999,0.958566,0.022497,0.276998
2712500000,-1.577447,1.511191,3.230618,-0.06783099999999999,0.957044,0.006543000000000001,0.28181999999999996
2725000000,-1.578694,1.51203,3.231343,-0.06638200000000001,0.957715,0.024950999999999997,0.278843
2737500000,-1.580025,1.5122360000000001,3.232551,-0.064438,0.9584969999999999,0.020274,0.276985
2749999999,-1.581642,1.511398,3.2338169999999997,-0.040520999999999995,0.961146,0.012634999999999999,0.272758
2762499999,-1.5825280000000002,1.512777,3.235005,-0.061814,0.9584860000000001,0.018189,0.277765
2775000000,-1.583457,1.513248,3.23619,-0.067755,0.95775,0.019262,0.278844
2787500000,-1.585956,1.512897,3.237333,-0.032917,0.9627020000000001,0.012789,0.26824899999999996
2800000000,-1.586093,1.513485,3.238323,-0.065026,0.9593809999999999,0.013916,0.27416599999999997
2812499999,-1.5869309999999999,1.514024,3.239558,-0.07142899999999999,0.957907,0.018252,0.277451
2824999999,-1.588582,1.5137690000000001,3.240766,-0.05450599999999999,0.959702,0.006229999999999999,0.275613
2837500000,-1.5900459999999998,1.513859,3.241364,-0.045081,0.961809,0.011787,0.269728
2850000000,-1.590591,1.5144950000000001,3.242556,-0.061777,0.959706,0.008329000000000001,0.27400599999999997
2862500000,-1.5917379999999999,1.514422,3.243614,-0.053280999999999995,0.9595440000000001,0.001094,0.27647
2874999999,-1.592963,1.514516,3.244602,-0.05156,0.9602790000000001,-0.00086,0.274237
2887499999,-1.593993,1.514548,3.2454520000000002,-0.04809,0.960449,-0.0046619999999999995,0.27423200000000003
2900000000,-1.594608,1.514917,3.246151,-0.060338,0.9596889999999999,0.002148,0.274503
2912500000,-1.595459,1.515182,3.246973,-0.063942,0.9592209999999999,0.000593,0.275329
2925000000,-1.596545,1.515327,3.247761,-0.05898200000000001,0.959526,-0.001369,0.275372
2937499999,-1.598714,1.514705,3.248909,-0.021166,0.9618129999999999,-0.028629,0.27138
2949999999,-1.599569,1.5154040000000002,3.24927,-0.023554,0.962501,-0.02174,0.269378
2962500000,-1.600133,1.5156290000000001,3.249792,-0.030456,0.962354,-0.018151,0.26947600000000005
2975000000,-1.599668,1.515819,3.25006,-0.056754,0.959959,-0.0062,0.27426100000000003
2987500000,-1.600415,1.515976,3.250569,-0.054978,0.960015,-0.009251,0.274341
2999999999,-1.6014629999999999,1.515644,3.251087,-0.043227,0.960458,-0.018663,0.274416
3012499999,-1.602487,1.516067,3.250726,-0.032062,0.963298,-0.010990999999999999,0.266287
3025000000,-1.603212,1.516498,3.2513900000000002,-0.035176,0.961857,-0.017698,0.270702
3037500000,-1.6052739999999999,1.516386,3.251458,-0.002006,0.9668110000000001,-0.020043000000000002,0.254697
3050000000,-1.6056270000000001,1.5165030000000002,3.251505,-0.003713,0.966626,-0.019455,0.25542600000000004
3062499999,-1.605858,1.516635,3.251512,-0.004479,0.966534,-0.019571,0.255751
3074999999,-1.60629,1.517133,3.251523,-0.003582,0.966256,-0.022102,0.25661
3087500000,-1.606354,1.516873,3.251334,-0.006117,0.9662649999999999,-0.019825,0.256712
3100000000,-1.606533,1.517016,3.251172,-0.008101,0.9662120000000001,-0.02072,0.256788
3112500000,-1.606877,1.517936,3.2509639999999997,-0.025731999999999998,0.9652790000000001,-0.030306,0.258177
3124999999,-1.607049,1.517924,3.2506209999999998,-0.019034,0.965469,-0.029292000000000002,0.25816500000000003
3137499999,-1.607167,1.518117,3.2502590000000002,-0.01855,0.9650059999999999,-0.031632,0.259653
3150000000,-1.607744,1.517784,3.249562,-0.0065049999999999995,0.965817,-0.039581,0.256102
3162500000,-1.607445,1.517442,3.24871,-0.010359,0.965082,-0.043563,0.25809299999999996
3175000000,-1.6071469999999999,1.517253,3.247818,-0.004954,0.9650860000000001,-0.042241,0.258457
3187499999,-1.607048,1.517272,3.247249,-0.003811,0.964875,-0.044013,0.25897
3199999999,-1.607246,1.517706,3.246905,-0.002341,0.96339,-0.051614,0.26308000000000004
3212500000,-1.60712,1.517774,3.24625,-0.000857,0.9631780000000001,-0.054467999999999996,0.263289
3225000000,-1.6072309999999999,1.518414,3.244596,-0.002015,0.9656129999999999,-0.041856,0.25658600000000004
3237500000,-1.606639,1.5180280000000002,3.2434990000000004,0.0010199999999999999,0.966916,-0.038813,0.252125
3249999999,-1.606495,1.5184799999999998,3.242587,-0.005674,0.9651280000000001,-0.046493,0.257556
3262499999,-1.606106,1.518786,3.2413819999999998,-0.010029000000000001,0.9644450000000001,-0.047157,0.259849
3275000000,-1.605651,1.5191350000000001,3.239401,-0.0038979999999999996,0.965512,-0.044129,0.256563
3287500000,-1.604939,1.518709,3.237711,-0.00672,0.965276,-0.047855,0.25672399999999995
3300000000,-1.604584,1.518678,3.23653,-0.001979,0.964534,-0.055143,0.258127
3312499999,-1.603658,1.518794,3.234495,-0.014677,0.9658690000000001,-0.041198,0.255311
3324999999,-1.603024,1.519072,3.233071,-0.003631,0.9648389999999999,-0.049426,0.258127
3337500000,-1.6025049999999998,1.5192450000000002,3.231603,-0.003278,0.9649399999999999,-0.051622,0.257322
3350000000,-1.6004690000000001,1.519588,3.228903,0.005563,0.963103,-0.041748,0.265816
3362500000,-1.6006610000000001,1.518629,3.2268470000000002,0.00247,0.9662709999999999,-0.046468999999999996,0.253289
3374999999,-1.5999940000000001,1.519312,3.225089,-0.0036799999999999997,0.965016,-0.054322,0.25647600000000004
3387499999,-1.597291,1.519747,3.222283,-0.037136,0.9620540000000001,-0.033431,0.268244
3400000000,-1.597346,1.51915,3.2195259999999997,-0.006568000000000001,0.9669690000000001,-0.043991,0.25098200000000004
3412500000,-1.596671,1.519695,3.217749,0.001984,0.96452,-0.05597100000000001,0.258002
3425000000,-1.59467,1.518944,3.214584,-0.004549,0.966756,-0.044673000000000004,0.251727
3437499999,-1.593925,1.520092,3.211864,-0.00757,0.966908,-0.045899,0.250849
3449999999,-1.592637,1.520641,3.208934,-0.001515,0.965527,-0.052121,0.255027
3462500000,-1.59127,1.520462,3.206159,-0.009299,0.9651930000000001,-0.050501,0.256449
3475000000,-1.58979,1.52039,3.203929,-0.0050420000000000005,0.964694,-0.05906,0.25661799999999996
3487500000,-1.588136,1.520732,3.199776,-0.0042380000000000004,0.965716,-0.047195,0.255241
3499999999,-1.5866049999999998,1.520908,3.196884,-0.011493999999999999,0.966778,-0.048282,0.250752
3512499999,-1.585631,1.52229,3.193488,-0.000352,0.9674389999999999,-0.045108999999999996,0.249054
3525000000,-1.583324,1.521369,3.189763,-0.009193000000000002,0.9654469999999999,-0.048813,0.255823
3537500000,-1.581361,1.52106,3.1864939999999997,-0.007698,0.9660850000000001,-0.048893,0.25343499999999997
3550000000,-1.579292,1.520907,3.182597,0.001167,0.967601,-0.040911,0.249146
3562499999,-1.577652,1.521149,3.179134,-0.012652,0.966666,-0.045437,0.25166
3574999999,-1.575934,1.5215610000000002,3.175118,-0.007326999999999999,0.967512,-0.044581,0.24875500000000003
3587500000,-1.573541,1.520866,3.1709490000000002,0.005483,0.966274,-0.045799,0.25335
3600000000,-1.570916,1.519894,3.167208,-0.001077,0.9665159999999999,-0.048241,0.252027
3612500000,-1.568805,1.5198459999999998,3.163325,-0.010381999999999999,0.966432,-0.040770999999999995,0.25345300000000004
3624999999,-1.56695,1.520239,3.158817,-0.009415999999999999,0.966543,-0.047619,0.251869
3637499999,-1.564574,1.520068,3.154202,-0.006298,0.966857,-0.046575,0.250956
3650000000,-1.562586,1.520032,3.150585,-0.002512,0.964583,-0.057134000000000004,0.25750500000000004
3662500000,-1.560081,1.519519,3.145528,-0.00212,0.966626,-0.050392,0.25118
3675000000,-1.557031,1.518266,3.1406709999999998,-0.001099,0.9673649999999999,-0.043845999999999996,0.24956199999999998
3687499999,-1.554414,1.517758,3.135847,-0.000721,0.967441,-0.044391,0.24917199999999998
3699999999,-1.552386,1.5183149999999999,3.1311430000000002,0.000361,0.965933,-0.052204999999999994,0.253473
3712500000,-1.549088,1.5172459999999999,3.12616,-0.008967000000000001,0.9660559999999999,-0.051713999999999996,0.252945
3725000000,-1.546745,1.516909,3.121168,-0.007198,0.96626,-0.050709,0.25242600000000004
3737500000,-1.543439,1.515824,3.11593,-0.00432,0.967511,-0.044956,0.24876399999999999
3749999999,-1.5390139999999999,1.5162129999999998,3.1102090000000002,-0.03924,0.9650049999999999,-0.018703,0.258604
3762499999,-1.537975,1.515549,3.1051509999999998,-0.005384000000000001,0.9664959999999999,-0.050004,0.251706
3775000000,-1.534712,1.514773,3.0999830000000004,-0.01013,0.9663700000000001,-0.050858999999999994,0.251873
3787500000,-1.531768,1.514235,3.094496,-0.006927,0.967201,-0.047569,0.249423
3800000000,-1.528461,1.5135040000000002,3.0886549999999997,-0.000583,0.968607,-0.039421,0.245452
3812499999,-1.52528,1.513127,3.08301,-0.007289,0.9677290000000001,-0.046277,0.24760100000000002
3824999999,-1.521628,1.512048,3.077116,-0.010542000000000001,0.9670709999999999,-0.048268,0.249667
3837500000,-1.5189549999999998,1.512155,3.071417,6.8e-05,0.966475,-0.049935,0.251859
3850000000,-1.515092,1.510561,3.065489,-0.00542,0.967575,-0.044215,0.248623
3862500000,-1.511451,1.509641,3.05935,-0.001875,0.9679760000000001,-0.042129,0.24747600000000003
3874999999,-1.508,1.509315,3.053083,-4.6e-05,0.9684870000000001,-0.039286,0.24594499999999997
3887499999,-1.504367,1.508648,3.046949,-0.005353,0.9666600000000001,-0.048237,0.251422
3900000000,-1.500737,1.50786,3.040556,-0.000849,0.968074,-0.041492,0.24720599999999998
3912500000,-1.496686,1.5064549999999999,3.0342580000000003,0.00043799999999999997,0.9675950000000001,-0.041122000000000006,0.249135
3925000000,-1.493059,1.505984,3.027925,0.002097,0.9683510000000001,-0.037853,0.24669699999999997
3937499999,-1.489351,1.505619,3.020983,-0.00242,0.9679209999999999,-0.040371,0.247979
3949999999,-1.485425,1.5048620000000001,3.014663,9e-06,0.966776,-0.04453,0.251715
3962500000,-1.481678,1.504247,3.007729,0.005592,0.968909,-0.034796,0.244896
3975000000,-1.477112,1.5023440000000001,3.001077,0.004877,0.9680799999999999,-0.037261,0.24781
3987500000,-1.472921,1.501154,2.994349,0.003785,0.9680340000000001,-0.039173,0.247712
3999999999,-1.469043,1.500693,2.987479,-0.00725,0.9683,-0.038077,0.246765
4012499999,-1.462932,1.500553,2.980465,-0.040873,0.963192,-0.019976,0.264937
4025000000,-1.460789,1.4990629999999998,2.973678,-0.00162,0.9670620000000001,-0.042321,0.25099499999999997
4037500000,-1.455865,1.4972159999999999,2.966032,0.011056,0.967592,-0.036558,0.24961399999999997
4050000000,-1.4497959999999999,1.497077,2.958564,-0.032351,0.9657680000000001,-0.008754999999999999,0.257234
4062499999,-1.445355,1.496402,2.951302,-0.0347,0.9659719999999999,-0.005319,0.256254
4074999999,-1.4425860000000001,1.494514,2.944451,-0.0013880000000000001,0.9685360000000001,-0.037523,0.246025
4087500000,-1.437542,1.492856,2.9372529999999997,0.000624,0.9668899999999999,-0.039962,0.252046
4100000000,-1.431343,1.492438,2.9293169999999997,-0.023319,0.96609,-0.015453,0.256685
4112500000,-1.4277950000000001,1.490276,2.922082,0.004939,0.968952,-0.032983,0.24499
4124999999,-1.422987,1.489509,2.914829,-0.006146,0.9683299999999999,-0.037092,0.246825
4137499999,-1.418124,1.488876,2.9069,0.004007,0.968041,-0.036897000000000006,0.248033
4150000000,-1.413226,1.487716,2.899408,0.001638,0.968051,-0.037354000000000005,0.24795100000000003
4162500000,-1.407797,1.486265,2.891639,0.007761,0.967511,-0.039570999999999995,0.249594
4175000000,-1.4022350000000001,1.484969,2.883667,0.009376,0.968318,-0.031544,0.247542
4187499999,-1.397408,1.484163,2.876106,0.001568,0.9684799999999999,-0.035450999999999996,0.246549
4199999999,-1.389584,1.484026,2.867798,-0.040074,0.9625459999999999,-0.012311,0.267857
4212500000,-1.386998,1.482486,2.860048,0.009695,0.968757,-0.030396,0.24595300000000003
4225000000,-1.381637,1.4812049999999999,2.852619,0.006169,0.9680540000000001,-0.038317000000000004,0.24771999999999997
4237500000,-1.375194,1.479306,2.844278,0.011361,0.9681139999999999,-0.031418,0.248272
4249999999,-1.369779,1.478402,2.836281,0.0044020000000000005,0.969578,-0.028000999999999998,0.243137
4262499999,-1.3618139999999999,1.478999,2.828144,-0.039492,0.9630690000000001,-0.0026579999999999998,0.266328
4275000000,-1.358141,1.476688,2.820219,0.009908,0.9671360000000001,-0.033415,0.251859
4287500000,-1.352999,1.476165,2.812493,0.006929,0.968493,-0.031166000000000003,0.24698499999999998
4300000000,-1.34671,1.475142,2.804405,0.016535,0.966949,-0.033902999999999996,0.252163
4312499999,-1.3382180000000001,1.4749,2.796071,-0.03891,0.9637459999999999,0.0006259999999999999,0.263968
4324999999,-1.3343770000000001,1.472887,2.788431,0.006179,0.968426,-0.02468,0.24800100000000003
4337500000,-1.327887,1.472013,2.779804,0.012075,0.968075,-0.027031,0.24890700000000002
4350000000,-1.319532,1.472172,2.771636,-0.028025,0.964685,-0.0017829999999999999,0.261905
4362500000,-1.3137020000000001,1.469994,2.764684,-0.0018969999999999998,0.962836,-0.032455,0.268124
4374999999,-1.3085950000000002,1.470312,2.755559,0.021903,0.968219,-0.018685,0.24844000000000002
4387499999,-1.301947,1.4691020000000001,2.747976,0.017585,0.968249,-0.022369999999999998,0.248363
4400000000,-1.293007,1.469054,2.7398029999999998,-0.018754,0.964533,0.010749,0.26307600000000003
4412500000,-1.287855,1.4675209999999999,2.731822,0.026681,0.968216,-0.016345,0.24814899999999998
4425000000,-1.281435,1.467496,2.723981,0.037154,0.968347,-0.009545,0.246641
4437499999,-1.273344,1.466352,2.715419,0.032845,0.9675469999999999,-0.011828,0.250269
4449999999,-1.266465,1.465671,2.7082889999999997,0.030804,0.967493,-0.014306000000000001,0.250607
4462500000,-1.258211,1.465401,2.700242,0.023454,0.96647,-0.007559000000000001,0.25559299999999996
4475000000,-1.251267,1.4645549999999998,2.6921630000000003,0.035057,0.9678049999999999,-0.014321,0.248837
4487500000,-1.242221,1.464499,2.684479,0.013994999999999999,0.9643219999999999,0.006508,0.264282
4499999999,-1.236084,1.463874,2.6766669999999997,0.039611,0.968474,-0.0037170000000000003,0.24591799999999997
4512499999,-1.227789,1.462798,2.668975,0.039229,0.9675030000000001,-0.008163,0.24966300000000002
4525000000,-1.2183030000000001,1.462793,2.661502,0.013274000000000001,0.9647319999999999,0.00942,0.262729
4537500000,-1.2106709999999998,1.462515,2.654175,0.020152,0.9670719999999999,0.0075780000000000005,0.253591
4550000000,-1.2013,1.461761,2.64647,0.009385,0.964908,0.014902,0.261999
4562499999,-1.194696,1.460921,2.6391400000000003,0.04183,0.967924,-0.002699,0.247723
4574999999,-1.186043,1.460785,2.631467,0.045166000000000005,0.967836,-0.00035499999999999996,0.247496
4587500000,-1.175561,1.46015,2.6243849999999997,0.019471000000000002,0.9642620000000001,0.010737,0.264017
4599999999,-1.16795,1.459141,2.617492,0.039199,0.9668770000000001,-0.004841,0.252168
4612500000,-1.158807,1.458982,2.6103400000000003,0.045231,0.966758,-0.004190999999999999,0.251626
4624999999,-1.149517,1.458322,2.6034599999999997,0.039604,0.967283,-0.0036560000000000004,0.25056100000000003
4637500000,-1.139292,1.458315,2.5967700000000002,0.029112,0.9647629999999999,0.004424,0.261468
4650000000,-1.130407,1.457496,2.589684,0.041845,0.9674389999999999,-0.002916,0.249604
4662499999,-1.11962,1.457473,2.582952,0.021391999999999998,0.9649049999999999,0.009822,0.26154099999999997
4675000000,-1.110797,1.456588,2.576202,0.045666000000000005,0.9662879999999999,-0.003101,0.253363
4687499999,-1.100164,1.456943,2.5699549999999998,0.021527,0.9654739999999999,0.014521000000000001,0.2592
4700000000,-1.090776,1.456641,2.562936,0.04689,0.968092,0.003082,0.246151
4712500000,-1.079585,1.456121,2.557109,0.031787,0.9651719999999999,0.006704000000000001,0.259592
4724999999,-1.068799,1.455767,2.550869,0.026894,0.964937,0.013000999999999999,0.260775
4737500000,-1.059223,1.4547729999999999,2.5445599999999997,0.038972,0.96772,0.003582,0.248969
4749999999,-1.04825,1.455252,2.5388040000000003,0.026101,0.9658,0.010105,0.257773
4762500000,-1.038173,1.454747,2.532674,0.052992,0.9676870000000001,0.004168,0.24648699999999998
4775000000,-1.0272540000000001,1.453825,2.5272200000000002,0.052688,0.9664149999999999,-0.0067659999999999994,0.25143699999999997
4787499999,-1.01498,1.454607,2.521301,0.06552000000000001,0.9643290000000001,0.003149,0.256449
4800000000,-1.004341,1.453619,2.515241,0.046079,0.9678950000000001,0.0059310000000000005,0.24702399999999997
4812499999,-0.992072,1.4536639999999998,2.510158,0.051252,0.9664590000000001,0.005557,0.251593
4825000000,-0.981577,1.452916,2.504824,0.046167,0.9668889999999999,0.000192,0.250987
4837500000,-0.969527,1.4522549999999999,2.498967,0.046613,0.966859,0.006141,0.250945
4849999999,-0.957625,1.451827,2.494149,0.033372000000000006,0.970255,-0.008345,0.239629
4862500000,-0.9454610000000001,1.4518280000000001,2.4883740000000003,0.04654,0.967208,0.005629,0.249623
4874999999,-0.9344129999999999,1.451227,2.484061,0.060775,0.967275,-0.008603,0.24619499999999997
4887500000,-0.9210719999999999,1.451114,2.478382,0.049322000000000005,0.966945,0.006302,0.250091
4900000000,-0.909934,1.45041,2.4741009999999997,0.06808600000000001,0.9672850000000001,-0.012605,0.24406
4912499999,-0.8958889999999999,1.449743,2.4693490000000002,0.04663,0.96457,-0.0060090000000000005,0.259604
4925000000,-0.882086,1.450469,2.4644009999999996,0.064199,0.9635969999999999,0.004842,0.259492
4937499999,-0.872017,1.449403,2.460138,0.065913,0.9687790000000001,-0.015894,0.238474
4950000000,-0.858775,1.449055,2.455655,0.066944,0.966902,-0.014619,0.245773
4962500000,-0.849052,1.448376,2.45218,0.10468499999999999,0.9688889999999999,-0.043016000000000006,0.220104
4974999999,-0.8426819999999999,1.4497149999999999,2.451279,0.26262800000000003,0.941882,-0.15203699999999998,0.144119
4987500000,-0.812032,1.452618,2.44197,-0.006843000000000001,0.9518469999999999,0.068611,0.29872
4999999999,-0.8033680000000001,1.449026,2.438198,0.035246,0.965716,0.006788,0.257106
5012500000,-0.79009,1.448404,2.433706,0.043352,0.9669610000000001,0.004443,0.251171
5025000000,-0.7791560000000001,1.448067,2.430717,0.084643,0.968398,-0.024708,0.233303
5037499999,-0.767753,1.447535,2.427382,0.12511,0.96726,-0.059171,0.21273000000000003
5050000000,-0.748121,1.447717,2.421894,0.04374,0.967609,0.001996,0.248626
5062499999,-0.734201,1.447449,2.418291,0.041662,0.966773,-0.000332,0.25222
5075000000,-0.720023,1.447783,2.414551,0.037185,0.967305,0.0006730000000000001,0.250875
5087500000,-0.7087359999999999,1.44745,2.411841,0.094319,0.9694959999999999,-0.03442,0.22359899999999996
5099999999,-0.695209,1.4498280000000001,2.408095,-0.003319,0.974658,0.046272,0.21883899999999998
5112500000,-0.678126,1.450444,2.405201,0.095919,0.962909,-0.008032,0.252073
5124999999,-0.6622279999999999,1.447426,2.400734,0.02752,0.968333,-0.0017530000000000002,0.24813400000000002
5137500000,-0.647175,1.446782,2.397214,0.026815,0.968025,0.001385,0.249414
5150000000,-0.6358600000000001,1.446892,2.394932,0.07381599999999999,0.970744,-0.030902999999999996,0.22639099999999998
5162499999,-0.6235609999999999,1.446564,2.392067,0.12509800000000001,0.9702280000000001,-0.06614199999999999,0.19655599999999998
5175000000,-0.611766,1.446307,2.3892849999999997,0.217654,0.952684,-0.104326,0.184758
5187499999,-0.586205,1.447857,2.384681,0.002935,0.964791,0.009169,0.262841
5200000000,-0.572567,1.446947,2.381552,0.026602999999999998,0.967174,-0.002159,0.25271
5212500000,-0.560466,1.446396,2.379273,0.067971,0.971042,-0.032684,0.22669
5224999999,-0.542181,1.446767,2.37563,0.021842,0.967938,-0.003611,0.250211
5237500000,-0.526678,1.446552,2.3725650000000003,0.023765,0.967583,-0.005252000000000001,0.25137800000000005
5249999999,-0.511325,1.446974,2.369745,0.025641000000000004,0.966967,-0.006307,0.25353000000000003
5262500000,-0.49575,1.446634,2.366805,0.021922,0.967528,-0.003759,0.251785
5275000000,-0.481235,1.4476209999999998,2.364527,0.024718,0.968059,-0.002663,0.24948800000000002
5287499999,-0.46787,1.446444,2.3620229999999998,0.058053999999999994,0.970726,-0.032971,0.23072399999999998
5300000000,-0.45597200000000004,1.446229,2.360014,0.11798,0.968634,-0.07723200000000001,0.204605
5312499999,-0.44396599999999997,1.446917,2.357256,0.227341,0.951324,-0.108673,0.177453
5325000000,-0.41707700000000003,1.447792,2.3529,-0.003246,0.964256,0.000641,0.26495
5337500000,-0.398436,1.4503270000000001,2.350142,-0.029431,0.955204,0.042941,0.29133200000000004
5349999999,-0.390351,1.450301,2.348758,0.167486,0.9224110000000001,-0.031366000000000005,0.346588
5362500000,-0.3742,1.447056,2.34532,0.032463,0.970309,-0.030813,0.237693
5374999999,-0.363725,1.447838,2.3436779999999997,0.124703,0.969988,-0.081816,0.19203699999999999
5387500000,-0.350049,1.4474870000000002,2.340809,0.204068,0.955343,-0.108955,0.183859
5400000000,-0.323182,1.448028,2.336732,0.006334,0.964725,-0.010582,0.262972
5412499999,-0.308665,1.447767,2.333733,0.0007610000000000001,0.9677620000000001,-0.013517,0.251504
5425000000,-0.295687,1.4468370000000002,2.33187,0.032780000000000004,0.9698969999999999,-0.040886,0.23781100000000002
5437499999,-0.27726,1.447971,2.328358,-0.004864,0.967802,-0.009997,0.25146799999999997
5450000000,-0.261405,1.448346,2.325459,-0.002144,0.9672459999999999,-0.00957,0.253651
5462500000,-0.24950999999999998,1.448575,2.32368,0.048448000000000005,0.9714780000000001,-0.040625,0.22854499999999997
5474999999,-0.235517,1.447754,2.3214490000000003,0.073673,0.969339,-0.06805499999999999,0.22432600000000003
5487500000,-0.21580100000000002,1.449568,2.31815,0.003924,0.968258,-0.009973000000000001,0.24972199999999997
5499999999,-0.199507,1.448402,2.315059,-0.014087,0.9686110000000001,-0.007642,0.248063
5512500000,-0.183989,1.449034,2.312163,-0.006055,0.967147,-0.008223000000000001,0.254015
5525000000,-0.171619,1.448827,2.31007,0.047727,0.970406,-0.044438,0.23250900000000002
5537499999,-0.152879,1.448832,2.3069669999999998,-0.00913,0.9664940000000001,-0.010819,0.256299
5550000000,-0.137275,1.4490100000000001,2.304094,-0.006938,0.966934,-0.008979000000000001,0.254776
5562499999,-0.121144,1.4499540000000002,2.3018549999999998,0.006920999999999999,0.964465,-0.011387999999999999,0.263873
5575000000,-0.109497,1.448513,2.2994529999999997,0.036343,0.970339,-0.038895,0.235815
5587500000,-0.090923,1.448977,2.295532,-0.002579,0.96624,-0.009325,0.25746199999999997
5599999999,-0.075793,1.449068,2.2930349999999997,-0.007170999999999999,0.9672139999999999,-0.006252000000000001,0.253783
5612500000,-0.06336900000000001,1.449187,2.290957,0.038357999999999996,0.970357,-0.036702,0.23577199999999998
5624999999,-0.045304000000000004,1.449031,2.287722,-0.0074459999999999995,0.9665,-0.008704,0.25640999999999997
5637500000,-0.033266000000000004,1.449306,2.285843,0.039205000000000004,0.970583,-0.037555,0.234567
5650000000,-0.015189,1.449111,2.282572,-0.013284,0.9667129999999999,-0.010268000000000001,0.255313
5662499999,0.001076,1.449917,2.280075,-0.010078,0.963874,-0.005007,0.26612199999999997
5675000000,0.01642,1.449745,2.277071,-0.008549,0.963714,-0.001248,0.26679899999999995
5687499999,0.026860000000000002,1.449458,2.275459,0.034112,0.970066,-0.03926,0.237206
5700000000,0.045301,1.449855,2.271617,-0.007154000000000001,0.9662959999999999,-0.00865,0.25719000000000003
5712500000,0.056647,1.449994,2.269646,0.033181999999999996,0.970198,-0.033520999999999995,0.23767800000000003
5724999999,0.073809,1.45117,2.266556,0.0024010000000000004,0.967815,-0.008848,0.251494
5737500000,0.088994,1.454224,2.264613,0.07559099999999999,0.960892,-0.020031,0.26565300000000003
5749999999,0.103084,1.451684,2.261375,-0.005422,0.968363,-0.008169,0.24935500000000002
5762500000,0.115924,1.450692,2.2594060000000002,0.021775,0.969723,-0.029961,0.241383
5775000000,0.132235,1.452597,2.255953,-0.002859,0.968575,-0.001475,0.248703
5787499999,0.144312,1.452956,2.253117,0.049783999999999995,0.969565,-0.042355000000000004,0.235947
5800000000,0.162183,1.452194,2.250027,-0.01241,0.9670989999999999,-0.002611,0.25408400000000003
5812499999,0.176505,1.4529040000000002,2.247408,-0.015599000000000002,0.96693,-0.009907,0.254371
5825000000,0.188038,1.452576,2.245703,0.034638,0.969975,-0.037656999999999996,0.23776
5837500000,0.199906,1.452675,2.24274,0.068312,0.972075,-0.055937,0.217428
5849999999,0.219804,1.454146,2.2389349999999997,-0.010905,0.9661959999999999,-0.008142,0.25745
5862500000,0.23378600000000002,1.4542110000000001,2.236943,-0.014776,0.964882,-0.009936,0.26208000000000004
5874999999,0.244993,1.454543,2.234542,0.039297000000000006,0.9692860000000001,-0.041412,0.239217
5887500000,0.256776,1.453927,2.231719,0.036051,0.972134,-0.049339999999999995,0.226321
5900000000,0.274459,1.456153,2.228886,-0.006739,0.967411,-0.012199,0.252828
5912499999,0.289272,1.4558959999999999,2.2256110000000002,-0.026111000000000002,0.966931,-0.004919,0.253651
5925000000,0.299929,1.4557229999999999,2.223609,0.02684,0.9712729999999999,-0.033832,0.234015
5937499999,0.312002,1.455584,2.221696,0.052238,0.970447,-0.059575,0.227936
5950000000,0.33066100000000004,1.4561520000000001,2.217746,-0.022359,0.965568,-0.008595,0.25904499999999997
5962500000,0.343932,1.456815,2.214343,-0.030754000000000004,0.965993,-0.004357,0.25669699999999995
5974999999,0.357365,1.4568379999999999,2.211662,-0.022068,0.9655290000000001,-0.007819,0.259241
5987500000,0.367463,1.457255,2.209663,0.019636,0.97035,-0.03188,0.238788
5999999999,0.38377100000000003,1.457774,2.206139,-0.027925,0.965282,-0.009468,0.25953899999999996
6012500000,0.394237,1.457087,2.204288,0.00824,0.969044,-0.035317,0.244209
6025000000,0.410049,1.456952,2.200483,-0.037869,0.9670639999999999,-0.002817,0.251686
6037499999,0.422763,1.45811,2.197955,-0.031916,0.9657319999999999,-0.007690000000000001,0.25745500000000004
6050000000,0.436004,1.457774,2.1954540000000002,-0.035636,0.9646790000000001,-0.01137,0.26076
6062499999,0.44559499999999996,1.458358,2.1927950000000003,0.013848,0.9702700000000001,-0.037344999999999996,0.23872600000000002
6075000000,0.459837,1.459731,2.18974,-0.021483000000000002,0.967987,-0.003288,0.25005700000000003
6087500000,0.472445,1.458377,2.1874740000000004,-0.026739999999999996,0.966251,-0.021972,0.255268
6099999999,0.48194499999999996,1.4586370000000002,2.184498,-0.00563,0.973198,-0.025847000000000002,0.22844299999999998
6112500000,0.498813,1.458275,2.180887,-0.026014,0.9652540000000001,-0.012164,0.259732
6124999999,0.5106930000000001,1.4582469999999998,2.177915,-0.041261,0.9651540000000001,-0.012733,0.25809699999999997
6137500000,0.523263,1.458122,2.174528,-0.047825,0.965922,-0.0032700000000000003,0.25435599999999997
6150000000,0.5318189999999999,1.459079,2.172296,0.007716,0.9717790000000001,-0.031783,0.233614
6162499999,0.542387,1.4579799999999998,2.170345,0.036858,0.97111,-0.05839199999999999,0.228422
6175000000,0.557404,1.459497,2.166166,-0.032625,0.967017,-0.011141,0.252369
6187499999,0.569145,1.4587450000000002,2.163025,-0.053622,0.964772,-0.0052710000000000005,0.25751
6200000000,0.58141,1.458333,2.1596599999999997,-0.041904000000000004,0.9650110000000001,-0.014126,0.258454
6212500000,0.5936239999999999,1.457705,2.156564,-0.053248000000000004,0.9655950000000001,-0.008305,0.254406
6224999999,0.604287,1.458014,2.152963,-0.039586,0.964925,-0.015077000000000002,0.25908600000000004
6237500000,0.616071,1.456927,2.149638,-0.053027,0.9650719999999999,-0.010243,0.256359
6249999999,0.624772,1.456272,2.147909,-0.017308,0.9698969999999999,-0.032344,0.240738
6262500000,0.6336930000000001,1.4563709999999999,2.144786,0.00734,0.9721120000000001,-0.047024,0.229636
6275000000,0.6475479999999999,1.4574719999999999,2.140941,-0.031694,0.968259,-0.015131,0.247468
6287499999,0.6587970000000001,1.456283,2.13742,-0.033752,0.967356,-0.010863,0.250929
6300000000,0.671042,1.457114,2.133645,-0.057279,0.9624799999999999,-0.0009449999999999999,0.265235
6312499999,0.681417,1.454656,2.130232,-0.048625,0.9660559999999999,-0.011779000000000001,0.253443
6325000000,0.691492,1.454724,2.127104,-0.042526,0.9648969999999999,-0.018838,0.258479
6337500000,0.702078,1.454617,2.123416,-0.045134,0.9654870000000001,-0.016081,0.25600500000000004
6349999999,0.7119489999999999,1.454375,2.1200810000000003,-0.040347,0.9649200000000001,-0.019989,0.258653
6362500000,0.720526,1.453442,2.117326,-0.00011599999999999999,0.9674809999999999,-0.047547000000000006,0.248435
6374999999,0.730042,1.453677,2.113559,0.001477,0.969282,-0.039376999999999995,0.242775
6387500000,0.7411310000000001,1.453047,2.110131,-0.023778999999999998,0.9668049999999999,-0.032770999999999995,0.252286
6400000000,0.7521899999999999,1.453949,2.105612,-0.023716,0.966151,-0.011144,0.256643
6412499999,0.759085,1.451789,2.103343,0.006188,0.9682200000000001,-0.057627,0.243292
6425000000,0.75872,1.452352,2.1025970000000003,0.25459499999999996,0.932348,-0.20799,0.15049500000000002
6437499999,0.7824770000000001,1.45252,2.09405,-0.029427,0.9658,-0.01855,0.256945
6450000000,0.791876,1.452245,2.0902700000000003,-0.028792,0.964567,-0.027991000000000002,0.260763
6462500000,0.799546,1.451729,2.087075,0.009111,0.967141,-0.05193,0.24871300000000002
6474999999,0.8106260000000001,1.451289,2.0828349999999998,-0.040729,0.965724,-0.021507,0.255454
6487500000,0.820744,1.4521870000000001,2.0781959999999997,-0.027495,0.965915,-0.01715,0.256824
6499999999,0.8301950000000001,1.4512120000000002,2.0741959999999997,-0.017694,0.9646469999999999,-0.030660000000000003,0.26115700000000003
6512500000,0.840032,1.450834,2.070176,-0.034996,0.966033,-0.024288,0.254885
6525000000,0.8467040000000001,1.451857,2.06657,0.019063999999999998,0.9689450000000001,-0.048353,0.24175300000000002
6537499999,0.8579200000000001,1.452089,2.061761,-0.045479,0.9637889999999999,-0.012821,0.262448
6550000000,0.8683350000000001,1.451251,2.057791,-0.044236000000000004,0.963909,-0.022688,0.26155
6562499999,0.876691,1.4515200000000001,2.052822,-0.023429,0.966549,-0.022825,0.254388
6575000000,0.8835719999999999,1.452249,2.049032,0.024346,0.968325,-0.050456,0.24332800000000002
6587500000,0.8944690000000001,1.452721,2.0439130000000003,-0.018405,0.965507,-0.026483,0.258372
6599999999,0.9014969999999999,1.4525139999999999,2.0399849999999997,0.019004,0.9674719999999999,-0.056040999999999994,0.245959
6612500000,0.912393,1.4522389999999998,2.035,-0.020697,0.96605,-0.026893,0.25611799999999996
6624999999,0.9215629999999999,1.451753,2.0306889999999997,-0.011133,0.9643149999999999,-0.048194,0.26009499999999997
6637500000,0.9317770000000001,1.451946,2.025629,-0.044366,0.9634360000000001,-0.028475,0.2627
6650000000,0.9404290000000001,1.452972,2.020706,-0.050894,0.963492,-0.025838,0.261583
6662499999,0.947217,1.454245,2.015544,-0.005934,0.9675860000000001,-0.034127,0.250156
6675000000,0.956275,1.454346,2.010589,-0.004723,0.9680770000000001,-0.03141,0.24863400000000002
6687499999,0.9661770000000001,1.4533479999999999,2.006132,-0.016871,0.963266,-0.048025,0.26368
6700000000,0.974816,1.454026,2.0001,-0.022359,0.965269,-0.032079,0.258316
6712500000,0.981866,1.4534719999999999,1.9956,0.009009,0.9679180000000001,-0.054100999999999996,0.24520799999999998
6724999999,0.9944559999999999,1.455414,1.989136,-0.070505,0.961484,0.002744,0.265651
6737500000,1.00106,1.4540870000000001,1.9851,-0.02171,0.9629040000000001,-0.047201,0.264795
6749999999,1.009742,1.453905,1.9796740000000002,-0.010703,0.9650219999999999,-0.048494,0.257423
6762500000,1.018319,1.453965,1.974374,-0.010957,0.9636709999999999,-0.055202999999999995,0.261094
6775000000,1.027083,1.4542620000000002,1.968809,-0.011836,0.964266,-0.055071,0.258878
6787499999,1.022617,1.4543840000000001,1.969552,0.277054,0.908643,-0.258008,0.176182
6800000000,1.0448790000000001,1.4552829999999999,1.9573049999999999,-0.032664,0.963764,-0.042654000000000004,0.261289
6812499999,1.051822,1.456488,1.9513049999999998,-0.015365,0.967255,-0.040032,0.250158
6825000000,1.058893,1.4575770000000001,1.9462650000000001,-0.018396,0.97029,-0.035866,0.238564
6837500000,1.068431,1.458764,1.939461,0.007726,0.967659,-0.043988,0.248277
6849999999,1.076964,1.459135,1.933271,0.008251,0.9670719999999999,-0.046294999999999996,0.25012
6862500000,1.085896,1.459111,1.9271049999999998,-0.008856000000000001,0.968281,-0.037380000000000004,0.246892
6874999999,1.094301,1.459678,1.9209330000000002,-0.006299,0.9683290000000001,-0.03885,0.246554
6887500000,1.100508,1.460015,1.916004,-0.046835,0.973196,-0.022563,0.22402399999999997
6900000000,1.1115760000000001,1.461527,1.90726,-0.030123,0.969087,-0.015591999999999998,0.244377
6912499999,1.121157,1.460386,1.9017990000000002,-0.043118000000000004,0.964406,-0.031329,0.25900100000000004
6925000000,1.130393,1.460129,1.895587,-0.047611,0.963258,-0.039372000000000004,0.261374
6937499999,1.138527,1.460595,1.888913,-0.04863,0.9634,-0.038333,0.260817
6950000000,1.147258,1.461782,1.882055,-0.049186,0.96316,-0.029334,0.262759
6962500000,1.153265,1.462769,1.875247,-0.012270999999999999,0.9690540000000001,-0.036077,0.243891
6974999999,1.16126,1.4633209999999999,1.8683349999999999,-0.009226,0.9674280000000001,-0.041454000000000005,0.24955700000000003
6987500000,1.1709610000000001,1.462409,1.861621,-0.02326,0.9639610000000001,-0.053358,0.259598
6999999999,1.178883,1.462448,1.8544619999999998,-0.007664,0.965901,-0.053971000000000005,0.25310900000000003
7012500000,1.186334,1.4642899999999999,1.847221,-0.0054399999999999995,0.966852,-0.044371,0.251396
7025000000,1.1941959999999998,1.465303,1.8398259999999997,-0.003954,0.9676799999999999,-0.04249,0.24854600000000002
7037499999,1.202197,1.465797,1.83238,-0.008905,0.96764,-0.041019,0.24882100000000001
7050000000,1.210647,1.4655770000000001,1.8251,-0.016355,0.96735,-0.046137,0.248673
7062499999,1.220798,1.464954,1.817807,-0.056917999999999996,0.9632879999999999,-0.040201,0.259267
7075000000,1.229079,1.465236,1.8101909999999999,-0.05375599999999999,0.9631069999999999,-0.040462,0.26057199999999997
7087500000,1.235689,1.4654280000000002,1.802717,-0.020654,0.9645299999999999,-0.060024,0.256227
7099999999,1.244156,1.466944,1.794385,-0.033448,0.966024,-0.035051,0.253871
7112500000,1.25025,1.468278,1.786268,-0.018475,0.9674940000000001,-0.045817000000000004,0.248023
7124999999,1.258643,1.467388,1.778619,-0.035193,0.9662540000000001,-0.049158999999999994,0.250397
7137500000,1.267628,1.4674040000000002,1.770139,-0.046823000000000004,0.9647530000000001,-0.043439,0.255287
7150000000,1.274455,1.467291,1.762587,-0.020084,0.965572,-0.061089,0.252062
7162499999,1.2829139999999999,1.470465,1.7532130000000001,-0.058605,0.9639209999999999,-0.024319999999999998,0.25851599999999997
7175000000,1.290065,1.46953,1.7452349999999999,-0.052677,0.963651,-0.040047,0.258841
7187499999,1.2967229999999998,1.470007,1.736964,-0.018056,0.9681770000000001,-0.047237,0.245104
7200000000,1.3049030000000001,1.470428,1.728303,-0.057325,0.9640850000000001,-0.04937,0.254591
7212500000,1.313121,1.4706219999999999,1.7194779999999998,-0.078412,0.962493,-0.030557,0.257923
7224999999,1.3182690000000001,1.471514,1.710748,-0.0328,0.96752,-0.045593,0.24647600000000003
7237500000,1.3236940000000001,1.4742469999999999,1.701196,-0.053297000000000004,0.9720610000000001,-0.010796,0.22834400000000002
7249999999,1.3350469999999999,1.472546,1.6924240000000002,-0.087851,0.9611350000000001,-0.020946,0.260889
7262500000,1.340751,1.471718,1.683591,-0.049507999999999996,0.9631700000000001,-0.057751,0.25791
7275000000,1.348277,1.47271,1.674005,-0.08202000000000001,0.9625540000000001,-0.031714,0.256429
7287499999,1.353538,1.473027,1.664584,-0.033479,0.967634,-0.045219,0.24600500000000003
7300000000,1.362335,1.4746549999999998,1.654198,-0.080872,0.963619,-0.008779,0.254601
7312499999,1.367787,1.473444,1.645275,-0.054525,0.9635440000000001,-0.053311000000000004,0.256452
7325000000,1.374976,1.474542,1.635358,-0.078532,0.962559,-0.026538,0.258088
7337500000,1.380262,1.474269,1.625921,-0.036217,0.964018,-0.06359,0.255567
7349999999,1.387335,1.4741600000000001,1.615406,-0.06484,0.964785,-0.04255,0.251346
7362500000,1.3935170000000001,1.474226,1.606075,-0.040938,0.9631040000000001,-0.06386,0.258218
7374999999,1.4003379999999999,1.4766219999999999,1.595032,-0.06283899999999999,0.963952,-0.029213,0.256894
7387500000,1.406433,1.4769729999999999,1.584586,-0.057897000000000004,0.963828,-0.033844,0.257949
7400000000,1.413351,1.4770729999999999,1.574273,-0.08249,0.9622370000000001,-0.016825,0.258866
7412499999,1.418436,1.475642,1.564416,-0.034908999999999996,0.963767,-0.06302999999999999,0.256829
7425000000,1.424519,1.475853,1.553428,-0.040985,0.963843,-0.056083,0.257258
7437499999,1.430726,1.475716,1.543169,-0.052002,0.9632569999999999,-0.054823000000000004,0.257733
7450000000,1.437025,1.4758950000000002,1.532197,-0.063235,0.962526,-0.052164,0.258504
7462500000,1.442736,1.477087,1.52081,-0.064733,0.963284,-0.037028,0.257921
7474999999,1.448769,1.478561,1.508999,-0.076171,0.9635290000000001,-0.013199,0.256195
7487500000,1.454291,1.478535,1.497838,-0.075597,0.9634149999999999,-0.015577,0.256658
7499999999,1.457488,1.477783,1.487334,-0.024349000000000003,0.968709,-0.047955000000000005,0.242302
7512500000,1.464492,1.477484,1.476149,-0.045122,0.965032,-0.047767000000000004,0.253765
7525000000,1.470038,1.477738,1.464481,-0.045024,0.965368,-0.042407,0.253456
7537499999,1.475472,1.477744,1.453231,-0.033842000000000004,0.9641569999999999,-0.05965,0.256316
7550000000,1.48189,1.478185,1.441192,-0.053568,0.9644290000000001,-0.033569,0.25667199999999996
7562499999,1.48763,1.47773,1.429538,-0.051772000000000006,0.9645299999999999,-0.043841000000000005,0.25510700000000003
7575000000,1.4913129999999999,1.477502,1.4173799999999999,-0.015247,0.9686790000000001,-0.051243,0.242493
7587500000,1.498176,1.476913,1.405476,-0.030041,0.9649540000000001,-0.05315399999999999,0.255218
7599999999,1.502716,1.477279,1.393102,-0.024505000000000002,0.9681719999999999,-0.046622000000000004,0.24468099999999998
7612500000,1.509642,1.476645,1.380968,-0.044023,0.965251,-0.048425,0.252996
7624999999,1.514934,1.476713,1.3682299999999998,-0.039796,0.965189,-0.044916000000000005,0.254577
7637500000,1.519211,1.475883,1.356106,-0.003978,0.9676020000000001,-0.059957,0.24522800000000003
7650000000,1.524644,1.47638,1.343338,-0.009056999999999999,0.9692040000000001,-0.043924,0.24214000000000002
7662499999,1.530259,1.4753530000000001,1.330775,-0.006667,0.968418,-0.058279,0.242335
7675000000,1.535814,1.475344,1.317652,-0.0023510000000000002,0.968318,-0.059666,0.24247800000000003
7687499999,1.541661,1.4745620000000002,1.304926,-0.007529999999999999,0.968247,-0.061877,0.24209899999999998
7700000000,1.548429,1.473732,1.291903,-0.015181,0.963557,-0.06828200000000001,0.25819699999999995
7712500000,1.5549959999999998,1.473861,1.2787110000000002,-0.046921,0.96534,-0.039223,0.253731
7724999999,1.561121,1.473955,1.264877,-0.05147,0.963817,-0.029425,0.25989
7737500000,1.565833,1.473364,1.251819,-0.034737,0.964822,-0.052408,0.255276
7749999999,1.570362,1.473071,1.238404,0.003442,0.9667379999999999,-0.06586399999999999,0.247119
7762500000,1.57596,1.472552,1.224811,-0.006554000000000001,0.9666899999999999,-0.064108,0.247705
7775000000,1.58331,1.472353,1.2112180000000001,-0.028560000000000002,0.965317,-0.050022000000000004,0.25464499999999995
7787499999,1.5881290000000001,1.472276,1.197152,-0.008868000000000001,0.9683950000000001,-0.050171,0.24416100000000002
7800000000,1.595375,1.47129,1.183707,-0.029158999999999997,0.9651049999999999,-0.054391999999999996,0.254488
7812499999,1.599826,1.471482,1.16934,-0.005524,0.96752,-0.06238200000000001,0.244914
7825000000,1.607224,1.471149,1.155092,-0.041083,0.965533,-0.047557999999999996,0.252581
7837500000,1.613035,1.470764,1.140624,-0.031663,0.9655729999999999,-0.051186,0.253075
7849999999,1.619029,1.47033,1.126654,-0.012265,0.964384,-0.065202,0.25605
7862500000,1.623891,1.469998,1.111668,0.000927,0.9666030000000001,-0.06698899999999999,0.24736799999999998
7874999999,1.632681,1.469824,1.096708,-0.07041900000000001,0.9634010000000001,-0.044965,0.254713
7887500000,1.637429,1.4699719999999998,1.081609,-0.011646,0.965059,-0.052498,0.25645500000000004
7900000000,1.644612,1.468128,1.068201,-0.036433,0.965548,-0.049257,0.252909
7912499999,1.6506310000000002,1.467437,1.0529700000000002,-0.035522000000000005,0.9653360000000001,-0.052164,0.253265
7925000000,1.6511169999999997,1.4651809999999998,1.04541,0.084736,0.950675,-0.182973,0.23570500000000003
7937499999,1.6616970000000002,1.46773,1.0219799999999999,-0.008381,0.968441,-0.057007,0.24249099999999998
7950000000,1.669296,1.465624,1.007723,-0.021597,0.9649709999999999,-0.066949,0.252749
7962500000,1.6749720000000001,1.465878,0.9916799999999999,-0.015868,0.967891,-0.062105999999999995,0.24306
7974999999,1.68127,1.4660360000000001,0.9756290000000001,-0.009411,0.967677,-0.064124,0.24372399999999997
7987500000,1.6878810000000002,1.46536,0.960348,-0.005718,0.9666170000000001,-0.063609,0.248137
7999999999,1.6942669999999997,1.4650100000000001,0.944284,-0.013927000000000002,0.967623,-0.06262899999999999,0.24410900000000002
8012500000,1.7005700000000001,1.465863,0.927809,-0.003949,0.967864,-0.06029400000000001,0.24410700000000002
8025000000,1.707309,1.464024,0.912587,-0.000122,0.967658,-0.061894000000000005,0.24455300000000002
8037499999,1.7142540000000002,1.464375,0.8958940000000001,-0.006148,0.9670270000000001,-0.060319000000000005,0.24735
8050000000,1.7199080000000002,1.4647780000000001,0.880158,-0.017596,0.971043,-0.042444,0.23444600000000002
8062499999,1.729989,1.462731,0.863236,-0.048279,0.9641190000000001,-0.041682,0.257693
8075000000,1.734189,1.462883,0.846727,-0.006011,0.9692270000000001,-0.051769,0.240587
8087500000,1.7415040000000002,1.4612100000000001,0.8306319999999999,-0.0032409999999999995,0.968115,-0.061974,0.242696
8099999999,1.7484669999999998,1.461511,0.813435,-0.003826,0.966817,-0.05902999999999999,0.24852600000000002
8112500000,1.7484669999999998,1.461511,0.813435,-0.003826,0.966817,-0.05902999999999999,0.24852600000000002
8124999999,1.761639,1.4619440000000001,0.778946,0.011031000000000001,0.965651,-0.061503999999999996,0.252219
8137500000,1.770686,1.458955,0.7630979999999999,-0.024494,0.9634590000000001,-0.058998,0.260127
8150000000,1.777742,1.460053,0.744811,-0.028012000000000002,0.965046,-0.047658,0.256184
8162499999,1.783809,1.460246,0.726787,-0.000797,0.964586,-0.054923,0.257984
8175000000,1.790919,1.4600549999999999,0.70927,-0.03255,0.969182,-0.024349000000000003,0.24297
8187499999,1.7990220000000001,1.457249,0.693213,-0.029183999999999998,0.964909,-0.061467999999999995,0.253616
8200000000,1.8061740000000002,1.4598010000000001,0.673983,-0.034878,0.966361,-0.029442000000000003,0.253108
8212500000,1.813607,1.459934,0.656305,-0.052941999999999996,0.966276,-0.012367,0.251704
8224999999,1.820811,1.4593639999999999,0.6382899999999999,-0.044798000000000004,0.9660059999999999,-0.016709,0.25405900000000003
8237500000,1.8180330000000002,1.455824,0.63452,0.184132,0.917111,-0.291951,0.199419
8249999999,1.8356270000000001,1.45795,0.6024729999999999,-0.053272,0.9647600000000001,-0.04262,0.254133
8262500000,1.8356270000000001,1.45795,0.6024729999999999,-0.053272,0.9647600000000001,-0.04262,0.254133
8275000000,1.8356270000000001,1.45795,0.6024729999999999,-0.053272,0.9647600000000001,-0.04262,0.254133
8287499999,1.8356270000000001,1.45795,0.6024729999999999,-0.053272,0.9647600000000001,-0.04262,0.254133
8300000000,1.8634830000000002,1.458012,0.528447,-0.024955,0.9682270000000001,-0.036622,0.246114
8312499999,1.8634830000000002,1.458012,0.528447,-0.024955,0.9682270000000001,-0.036622,0.246114
8325000000,1.8634830000000002,1.458012,0.528447,-0.024955,0.9682270000000001,-0.036622,0.246114
8337500000,1.8870360000000002,1.455008,0.47381899999999993,-0.042265,0.9620200000000001,-0.071969,0.259908
8349999999,1.8870360000000002,1.455008,0.47381899999999993,-0.042265,0.9620200000000001,-0.071969,0.259908
8362500000,1.900998,1.458611,0.432949,-0.025506,0.968134,-0.033214999999999995,0.246906
8374999999,1.9077520000000001,1.45678,0.4159,-0.001801,0.966567,-0.068115,0.247196
8387500000,1.9077520000000001,1.45678,0.4159,-0.001801,0.966567,-0.068115,0.247196
8400000000,1.922351,1.461007,0.37487600000000004,0.007998,0.967534,-0.030355,0.250785
8412499999,1.931239,1.456575,0.357217,-0.013897,0.9636709999999999,-0.077622,0.255186
8425000000,1.931239,1.456575,0.357217,-0.013897,0.9636709999999999,-0.077622,0.255186
8437499999,1.946162,1.460166,0.31542800000000004,-0.015649,0.969369,-0.019734,0.24431599999999998
8450000000,1.946162,1.460166,0.31542800000000004,-0.015649,0.969369,-0.019734,0.24431599999999998
8462500000,1.946162,1.460166,0.31542800000000004,-0.015649,0.969369,-0.019734,0.24431599999999998
8474999999,1.9701389999999999,1.457932,0.25674600000000003,-0.028301999999999997,0.9638620000000001,-0.06787,0.256052
8487500000,1.9701389999999999,1.457932,0.25674600000000003,-0.028301999999999997,0.9638620000000001,-0.06787,0.256052
8499999999,1.9701389999999999,1.457932,0.25674600000000003,-0.028301999999999997,0.9638620000000001,-0.06787,0.256052
8512500000,1.993702,1.4587709999999998,0.19500699999999999,-0.031958999999999994,0.962939,-0.070204,0.25845300000000004
8525000000,1.993702,1.4587709999999998,0.19500699999999999,-0.031958999999999994,0.962939,-0.070204,0.25845300000000004
8537499999,1.993702,1.4587709999999998,0.19500699999999999,-0.031958999999999994,0.962939,-0.070204,0.25845300000000004
8550000000,1.993702,1.4587709999999998,0.19500699999999999,-0.031958999999999994,0.962939,-0.070204,0.25845300000000004
8562499999,1.993702,1.4587709999999998,0.19500699999999999,-0.031958999999999994,0.962939,-0.070204,0.25845300000000004
8575000000,2.032002,1.459994,0.090555,-0.015952,0.9605360000000001,-0.089259,0.262961
8587500000,2.032002,1.459994,0.090555,-0.015952,0.9605360000000001,-0.089259,0.262961
8599999999,2.032002,1.459994,0.090555,-0.015952,0.9605360000000001,-0.089259,0.262961
8612500000,2.053788,1.464694,0.024011,-0.08379,0.973634,-0.074563,0.198638
8624999999,2.053788,1.464694,0.024011,-0.08379,0.973634,-0.074563,0.198638
8637500000,2.053788,1.464694,0.024011,-0.08379,0.973634,-0.074563,0.198638
8650000000,2.053788,1.464694,0.024011,-0.08379,0.973634,-0.074563,0.198638
8662499999,2.053788,1.464694,0.024011,-0.08379,0.973634,-0.074563,0.198638
8675000000,2.053788,1.464694,0.024011,-0.08379,0.973634,-0.074563,0.198638
8687499999,2.099885,1.469292,-0.10688199999999999,-0.042578,0.972316,-0.021016999999999997,0.22879499999999997
8700000000,2.099885,1.469292,-0.10688199999999999,-0.042578,0.972316,-0.021016999999999997,0.22879499999999997
8712500000,2.099885,1.469292,-0.10688199999999999,-0.042578,0.972316,-0.021016999999999997,0.22879499999999997
8724999999,2.099885,1.469292,-0.10688199999999999,-0.042578,0.972316,-0.021016999999999997,0.22879499999999997
8737500000,2.099885,1.469292,-0.10688199999999999,-0.042578,0.972316,-0.021016999999999997,0.22879499999999997
8749999999,2.099885,1.469292,-0.10688199999999999,-0.042578,0.972316,-0.021016999999999997,0.22879499999999997
8762500000,2.099885,1.469292,-0.10688199999999999,-0.042578,0.972316,-0.021016999999999997,0.22879499999999997
8775000000,2.099885,1.469292,-0.10688199999999999,-0.042578,0.972316,-0.021016999999999997,0.22879499999999997
8787499999,2.099885,1.469292,-0.10688199999999999,-0.042578,0.972316,-0.021016999999999997,0.22879499999999997
8800000000,2.099885,1.469292,-0.10688199999999999,-0.042578,0.972316,-0.021016999999999997,0.22879499999999997
8812499999,2.099885,1.469292,-0.10688199999999999,-0.042578,0.972316,-0.021016999999999997,0.22879499999999997
8825000000,2.099885,1.469292,-0.10688199999999999,-0.042578,0.972316,-0.021016999999999997,0.22879499999999997
8837500000,2.099885,1.469292,-0.10688199999999999,-0.042578,0.972316,-0.021016999999999997,0.22879499999999997
8849999999,2.099885,1.469292,-0.10688199999999999,-0.042578,0.972316,-0.021016999999999997,0.22879499999999997
8862500000,2.099885,1.469292,-0.10688199999999999,-0.042578,0.972316,-0.021016999999999997,0.22879499999999997
8874999999,2.099885,1.469292,-0.10688199999999999,-0.042578,0.972316,-0.021016999999999997,0.22879499999999997
8887500000,2.099885,1.469292,-0.10688199999999999,-0.042578,0.972316,-0.021016999999999997,0.22879499999999997
8900000000,2.099885,1.469292,-0.10688199999999999,-0.042578,0.972316,-0.021016999999999997,0.22879499999999997
8912499999,2.099885,1.469292,-0.10688199999999999,-0.042578,0.972316,-0.021016999999999997,0.22879499999999997
8925000000,2.099885,1.469292,-0.10688199999999999,-0.042578,0.972316,-0.021016999999999997,0.22879499999999997
8937499999,2.099885,1.469292,-0.10688199999999999,-0.042578,0.972316,-0.021016999999999997,0.22879499999999997
8950000000,2.099885,1.469292,-0.10688199999999999,-0.042578,0.972316,-0.021016999999999997,0.22879499999999997
8962500000,2.099885,1.469292,-0.10688199999999999,-0.042578,0.972316,-0.021016999999999997,0.22879499999999997
8974999999,2.099885,1.469292,-0.10688199999999999,-0.042578,0.972316,-0.021016999999999997,0.22879499999999997
8987500000,2.099885,1.469292,-0.10688199999999999,-0.042578,0.972316,-0.021016999999999997,0.22879499999999997
8999999999,2.099885,1.469292,-0.10688199999999999,-0.042578,0.972316,-0.021016999999999997,0.22879499999999997
9012500000,2.099885,1.469292,-0.10688199999999999,-0.042578,0.972316,-0.021016999999999997,0.22879499999999997
9025000000,2.099885,1.469292,-0.10688199999999999,-0.042578,0.972316,-0.021016999999999997,0.22879499999999997
9037499999,2.099885,1.469292,-0.10688199999999999,-0.042578,0.972316,-0.021016999999999997,0.22879499999999997
9050000000,2.099885,1.469292,-0.10688199999999999,-0.042578,0.972316,-0.021016999999999997,0.22879499999999997
9062499999,2.099885,1.469292,-0.10688199999999999,-0.042578,0.972316,-0.021016999999999997,0.22879499999999997
9075000000,2.099885,1.469292,-0.10688199999999999,-0.042578,0.972316,-0.021016999999999997,0.22879499999999997
9087500000,2.099885,1.469292,-0.10688199999999999,-0.042578,0.972316,-0.021016999999999997,0.22879499999999997
9099999999,2.099885,1.469292,-0.10688199999999999,-0.042578,0.972316,-0.021016999999999997,0.22879499999999997
9112500000,2.099885,1.469292,-0.10688199999999999,-0.042578,0.972316,-0.021016999999999997,0.22879499999999997
9124999999,2.099885,1.469292,-0.10688199999999999,-0.042578,0.972316,-0.021016999999999997,0.22879499999999997
9137500000,2.099885,1.469292,-0.10688199999999999,-0.042578,0.972316,-0.021016999999999997,0.22879499999999997
9150000000,2.099885,1.469292,-0.10688199999999999,-0.042578,0.972316,-0.021016999999999997,0.22879499999999997
9162499999,2.099885,1.469292,-0.10688199999999999,-0.042578,0.972316,-0.021016999999999997,0.22879499999999997
9175000000,2.099885,1.469292,-0.10688199999999999,-0.042578,0.972316,-0.021016999999999997,0.22879499999999997
9187499999,2.099885,1.469292,-0.10688199999999999,-0.042578,0.972316,-0.021016999999999997,0.22879499999999997
9200000000,2.099885,1.469292,-0.10688199999999999,-0.042578,0.972316,-0.021016999999999997,0.22879499999999997
9212500000,2.099885,1.469292,-0.10688199999999999,-0.042578,0.972316,-0.021016999999999997,0.22879499999999997
9224999999,2.099885,1.469292,-0.10688199999999999,-0.042578,0.972316,-0.021016999999999997,0.22879499999999997
9237500000,2.099885,1.469292,-0.10688199999999999,-0.042578,0.972316,-0.021016999999999997,0.22879499999999997
9249999999,2.099885,1.469292,-0.10688199999999999,-0.042578,0.972316,-0.021016999999999997,0.22879499999999997
9262500000,2.099885,1.469292,-0.10688199999999999,-0.042578,0.972316,-0.021016999999999997,0.22879499999999997
9275000000,2.099885,1.469292,-0.10688199999999999,-0.042578,0.972316,-0.021016999999999997,0.22879499999999997
9287499999,2.099885,1.469292,-0.10688199999999999,-0.042578,0.972316,-0.021016999999999997,0.22879499999999997
9300000000,2.099885,1.469292,-0.10688199999999999,-0.042578,0.972316,-0.021016999999999997,0.22879499999999997
9312499999,2.099885,1.469292,-0.10688199999999999,-0.042578,0.972316,-0.021016999999999997,0.22879499999999997
9325000000,2.099885,1.469292,-0.10688199999999999,-0.042578,0.972316,-0.021016999999999997,0.22879499999999997
9337500000,2.099885,1.469292,-0.10688199999999999,-0.042578,0.972316,-0.021016999999999997,0.22879499999999997
9349999999,2.099885,1.469292,-0.10688199999999999,-0.042578,0.972316,-0.021016999999999997,0.22879499999999997
9362500000,2.099885,1.469292,-0.10688199999999999,-0.042578,0.972316,-0.021016999999999997,0.22879499999999997
9374999999,2.099885,1.469292,-0.10688199999999999,-0.042578,0.972316,-0.021016999999999997,0.22879499999999997
9387500000,2.099885,1.469292,-0.10688199999999999,-0.042578,0.972316,-0.021016999999999997,0.22879499999999997
9400000000,2.099885,1.469292,-0.10688199999999999,-0.042578,0.972316,-0.021016999999999997,0.22879499999999997
9412499999,2.099885,1.469292,-0.10688199999999999,-0.042578,0.972316,-0.021016999999999997,0.22879499999999997
9425000000,2.099885,1.469292,-0.10688199999999999,-0.042578,0.972316,-0.021016999999999997,0.22879499999999997
9437499999,2.099885,1.469292,-0.10688199999999999,-0.042578,0.972316,-0.021016999999999997,0.22879499999999997
9450000000,2.099885,1.469292,-0.10688199999999999,-0.042578,0.972316,-0.021016999999999997,0.22879499999999997
9462500000,2.099885,1.469292,-0.10688199999999999,-0.042578,0.972316,-0.021016999999999997,0.22879499999999997
9474999999,2.099885,1.469292,-0.10688199999999999,-0.042578,0.972316,-0.021016999999999997,0.22879499999999997
9487500000,2.099885,1.469292,-0.10688199999999999,-0.042578,0.972316,-0.021016999999999997,0.22879499999999997
9499999999,2.099885,1.469292,-0.10688199999999999,-0.042578,0.972316,-0.021016999999999997,0.22879499999999997
9512500000,2.099885,1.469292,-0.10688199999999999,-0.042578,0.972316,-0.021016999999999997,0.22879499999999997
9525000000,2.099885,1.469292,-0.10688199999999999,-0.042578,0.972316,-0.021016999999999997,0.22879499999999997
9537499999,2.099885,1.469292,-0.10688199999999999,-0.042578,0.972316,-0.021016999999999997,0.22879499999999997
9550000000,2.099885,1.469292,-0.10688199999999999,-0.042578,0.972316,-0.021016999999999997,0.22879499999999997
9562499999,2.099885,1.469292,-0.10688199999999999,-0.042578,0.972316,-0.021016999999999997,0.22879499999999997
9575000000,2.099885,1.469292,-0.10688199999999999,-0.042578,0.972316,-0.021016999999999997,0.22879499999999997
9587500000,2.099885,1.469292,-0.10688199999999999,-0.042578,0.972316,-0.021016999999999997,0.22879499999999997
9599999999,2.099885,1.469292,-0.10688199999999999,-0.042578,0.972316,-0.021016999999999997,0.22879499999999997
9612500000,2.6164169999999998,1.496019,-1.7237919999999998,0.11766700000000001,0.9634780000000001,-0.045808,0.23614899999999997
9624999999,2.6164169999999998,1.496019,-1.7237919999999998,0.11766700000000001,0.9634780000000001,-0.045808,0.23614899999999997
9637500000,2.6164169999999998,1.496019,-1.7237919999999998,0.11766700000000001,0.9634780000000001,-0.045808,0.23614899999999997
9650000000,2.6164169999999998,1.496019,-1.7237919999999998,0.11766700000000001,0.9634780000000001,-0.045808,0.23614899999999997
9662499999,2.6164169999999998,1.496019,-1.7237919999999998,0.11766700000000001,0.9634780000000001,-0.045808,0.23614899999999997
9675000000,2.6164169999999998,1.496019,-1.7237919999999998,0.11766700000000001,0.9634780000000001,-0.045808,0.23614899999999997
9687499999,2.6164169999999998,1.496019,-1.7237919999999998,0.11766700000000001,0.9634780000000001,-0.045808,0.23614899999999997
9700000000,2.6164169999999998,1.496019,-1.7237919999999998,0.11766700000000001,0.9634780000000001,-0.045808,0.23614899999999997
9712500000,2.6164169999999998,1.496019,-1.7237919999999998,0.11766700000000001,0.9634780000000001,-0.045808,0.23614899999999997
9724999999,2.6164169999999998,1.496019,-1.7237919999999998,0.11766700000000001,0.9634780000000001,-0.045808,0.23614899999999997
9737500000,2.6164169999999998,1.496019,-1.7237919999999998,0.11766700000000001,0.9634780000000001,-0.045808,0.23614899999999997
9749999999,2.6164169999999998,1.496019,-1.7237919999999998,0.11766700000000001,0.9634780000000001,-0.045808,0.23614899999999997
9762500000,2.670871,1.499818,-1.921775,-0.012475,0.959108,0.095188,0.266261
9775000000,2.670871,1.499818,-1.921775,-0.012475,0.959108,0.095188,0.266261
9787499999,2.6783580000000002,1.4949290000000002,-1.9524599999999999,-0.041277999999999995,0.9562370000000001,0.075403,0.27968000000000004
9800000000,2.681384,1.493408,-1.9665650000000001,-0.048339,0.9598389999999999,0.051604,0.271494
9812499999,2.68505,1.494608,-1.9809189999999999,-0.042219,0.958016,0.06909,0.275046
9825000000,2.68929,1.496907,-1.9962349999999998,-0.073261,0.946961,0.121119,0.288492
9837500000,2.688848,1.495974,-2.008959,-0.038658,0.9617129999999999,0.09930499999999999,0.252492
9849999999,2.6927470000000002,1.496349,-2.023318,-0.001016,0.9598530000000001,0.084374,0.267511
9862500000,2.696829,1.4922,-2.036434,-0.039951,0.9574229999999999,0.07182100000000001,0.276744
9874999999,2.697905,1.493801,-2.0499549999999997,-0.035749,0.96029,0.09350599999999999,0.260427
9887500000,2.699766,1.4930809999999999,-2.0626130000000003,-0.041427,0.9612350000000001,0.100492,0.253402
9900000000,2.7023349999999997,1.491871,-2.075581,-0.048081,0.960586,0.101174,0.25441199999999997
9912499999,2.707776,1.488456,-2.088394,-0.052023,0.9564440000000001,0.069833,0.27862600000000004
9925000000,2.710019,1.487365,-2.100592,-0.05519400000000001,0.9554020000000001,0.06852799999999999,0.281894
9937499999,2.712349,1.486689,-2.113142,-0.054890999999999995,0.955343,0.070937,0.281556
9950000000,2.714049,1.486169,-2.124587,-0.040475,0.956678,0.06888999999999999,0.279971
9962500000,2.7166580000000002,1.485629,-2.136791,-0.054562,0.954391,0.08087799999999999,0.282171
9974999999,2.715847,1.486494,-2.148195,-0.041169,0.960026,0.101744,0.257495
9987500000,2.719522,1.482268,-2.159339,-0.034265,0.958434,0.055902,0.277677
9999999999,2.7206360000000003,1.483112,-2.170972,-0.037947,0.958899,0.085721,0.267813
10012500000,2.721526,1.484984,-2.181827,0.003573,0.9593809999999999,0.089564,0.267496
10025000000,2.725335,1.479381,-2.192418,-0.055310000000000005,0.9545819999999999,0.072114,0.28375100000000003
10037499999,2.725104,1.480797,-2.203584,-0.036133,0.9585290000000001,0.094201,0.266538
10050000000,2.729546,1.480194,-2.213103,-0.07334,0.945873,0.11244900000000001,0.295468
10062499999,2.729852,1.479683,-2.223104,-0.058864,0.9486680000000001,0.11246099999999999,0.289682
10075000000,2.727909,1.478276,-2.23354,-0.087424,0.9624440000000001,0.092266,0.23988800000000002
10087500000,2.732758,1.477593,-2.242363,-0.073939,0.9454540000000001,0.126474,0.290955
10099999999,2.732905,1.473741,-2.251062,-0.055172000000000006,0.951867,0.091517,0.28728000000000004
10112500000,2.733668,1.472076,-2.259935,-0.05234199999999999,0.952644,0.082808,0.287877
10124999999,2.732214,1.4740090000000001,-2.269025,-0.033371,0.957686,0.113101,0.26255
10137500000,2.73278,1.472425,-2.276827,-0.037551999999999995,0.9574,0.11372,0.262759
10150000000,2.735967,1.469603,-2.285297,-0.05301,0.950644,0.101316,0.288445
10162499999,2.7366919999999997,1.468432,-2.293084,-0.057101,0.9509479999999999,0.098872,0.287511
10175000000,2.735377,1.4682959999999998,-2.3013529999999998,-0.037938,0.9547959999999999,0.104532,0.27568000000000004
10187499999,2.737156,1.465669,-2.308408,-0.050691,0.9521299999999999,0.090651,0.28751
10200000000,2.734991,1.468192,-2.316032,-0.030924,0.9570690000000001,0.11851800000000001,0.26271
10212500000,2.7386060000000003,1.466849,-2.32315,-0.066827,0.9428620000000001,0.129656,0.299556
10224999999,2.7355150000000004,1.466193,-2.328377,-0.005209,0.957457,0.11376800000000001,0.265152
10237500000,2.740279,1.4692450000000001,-2.334803,-0.089304,0.9237850000000001,0.18998199999999998,0.320239
10249999999,2.737858,1.464389,-2.342618,-0.049237,0.946675,0.12253399999999999,0.293885
10262500000,2.736769,1.459371,-2.348117,-0.025638,0.95637,0.066861,0.283248
10275000000,2.736678,1.458337,-2.354118,-0.031261000000000004,0.955828,0.065848,0.28474499999999997
10287499999,2.737044,1.457602,-2.360024,-0.046811,0.9524360000000001,0.077796,0.2909
10300000000,2.73727,1.460866,-2.365671,-0.056104999999999995,0.946313,0.119959,0.294879
10312499999,2.736121,1.4555690000000001,-2.370629,-0.043368000000000004,0.953782,0.06579,0.289983
10325000000,2.73565,1.454541,-2.375634,-0.041557,0.953657,0.066036,0.290605
10337500000,2.73565,1.454541,-2.375634,-0.041557,0.953657,0.066036,0.290605
10349999999,2.735434,1.4563780000000002,-2.385711,-0.062724,0.9458049999999999,0.104143,0.30112
10362500000,2.735434,1.4563780000000002,-2.385711,-0.062724,0.9458049999999999,0.104143,0.30112
10374999999,2.7334400000000003,1.4519950000000001,-2.393639,-0.045288999999999996,0.952318,0.066447,0.29431999999999997
10387500000,2.731947,1.4504219999999999,-2.397545,-0.027823,0.9551629999999999,0.046416000000000006,0.291092
10400000000,2.731558,1.449625,-2.401647,-0.037738,0.9542379999999999,0.050246,0.29236999999999996
10412499999,2.7298560000000003,1.448509,-2.405154,-0.020424,0.956343,0.037154,0.289155
10425000000,2.7297569999999998,1.4477870000000002,-2.408939,-0.041738,0.9534549999999999,0.047743,0.29479299999999997
10437499999,2.728999,1.447837,-2.4123509999999997,-0.044961,0.952585,0.058198,0.295252
10450000000,2.729437,1.449394,-2.416448,-0.068846,0.94427,0.093395,0.30804499999999996
10462500000,2.7279869999999997,1.4490969999999999,-2.419552,-0.065847,0.945471,0.098093,0.30352199999999996
10474999999,2.725586,1.44363,-2.421929,-0.035878,0.9539690000000001,0.036839,0.295464
10487500000,2.724296,1.442739,-2.424541,-0.029286000000000003,0.954679,0.034222,0.29420999999999997
10499999999,2.723785,1.442483,-2.427531,-0.041587,0.9527969999999999,0.046147,0.297186
10512500000,2.722692,1.441065,-2.42918,-0.04112,0.952139,0.039195,0.30033899999999997
10525000000,2.725133,1.445279,-2.4202470000000003,-0.200554,0.897366,0.050613,0.38981
10537499999,2.7235709999999997,1.443229,-2.425251,-0.147135,0.9210379999999999,0.047983,0.35740500000000003
10550000000,2.720307,1.4414879999999999,-2.438874,-0.064877,0.945377,0.086413,0.30754899999999996
10562499999,2.717405,1.436566,-2.439509,-0.027019,0.9547700000000001,0.012338,0.295858
10575000000,2.7161310000000003,1.435784,-2.442336,-0.026503,0.9545610000000001,0.022881,0.295953
10587500000,2.714831,1.434695,-2.444388,-0.025582,0.955376,0.020396,0.293575
10599999999,2.715135,1.435929,-2.447483,-0.088078,0.955793,0.026391,0.27929299999999996
10612500000,2.712174,1.433584,-2.4486790000000003,-0.022729,0.9553379999999999,0.021176,0.29387800000000003
10624999999,2.712082,1.43218,-2.450504,-0.046032,0.9523459999999999,0.029647000000000003,0.300066
10637500000,2.71014,1.431301,-2.45201,-0.021440999999999998,0.9553280000000001,0.012858000000000001,0.294488
10650000000,2.710066,1.4308299999999998,-2.454463,-0.058369000000000004,0.9497969999999999,0.032445,0.305658
10662499999,2.708714,1.4341469999999998,-2.456598,-0.053157,0.9484940000000001,0.06830399999999999,0.304743
10675000000,2.707305,1.43343,-2.458112,-0.046755,0.9501620000000001,0.063703,0.301575
10687499999,2.707246,1.433662,-2.459982,-0.07066900000000001,0.943109,0.08298,0.31411100000000003
10700000000,2.707246,1.433662,-2.459982,-0.07066900000000001,0.943109,0.08298,0.31411100000000003
10712500000,2.707246,1.433662,-2.459982,-0.07066900000000001,0.943109,0.08298,0.31411100000000003
10724999999,2.701966,1.428869,-2.463638,-0.043389,0.95211,0.025419,0.301592
10737500000,2.7063599999999997,1.434348,-2.455542,-0.148797,0.912067,0.07313,0.375027
10749999999,2.708766,1.4388940000000001,-2.446707,-0.272476,0.807,0.089461,0.5162399999999999
10762500000,2.697295,1.432469,-2.466767,0.008024,0.9568840000000001,0.050851,0.285871
10775000000,2.695968,1.429743,-2.469018,-0.034182,0.9543360000000001,0.031917,0.295052
10787499999,2.695265,1.42957,-2.470072,-0.041173,0.952318,0.028879000000000002,0.300933
10800000000,2.6942939999999997,1.429325,-2.471119,-0.043688,0.951901,0.02461,0.302275
10812499999,2.693137,1.429008,-2.472252,-0.036914999999999996,0.9524219999999999,0.01733,0.302041
10825000000,2.693434,1.4331909999999999,-2.4744189999999997,-0.06324500000000001,0.944468,0.07054500000000001,0.31464899999999996
10837500000,2.6923470000000003,1.433797,-2.475436,-0.06737,0.943989,0.07311000000000001,0.314645
10849999999,2.690341,1.4304299999999999,-2.475507,-0.050554,0.950061,0.025474,0.30688699999999997
10862500000,2.68872,1.430358,-2.4766369999999998,-0.041657,0.9518139999999999,0.016158000000000002,0.30340300000000003
10874999999,2.686728,1.430749,-2.477379,-0.018930000000000002,0.953781,0.0032380000000000004,0.299888
10887500000,2.6884240000000004,1.434474,-2.479684,-0.073122,0.941314,0.062511,0.32353200000000004
10900000000,2.6859610000000003,1.435303,-2.479488,-0.040615,0.9483739999999999,0.044817,0.311334
10912499999,2.684068,1.433249,-2.48025,-0.037094999999999996,0.9517530000000001,0.010256,0.30444299999999996
10925000000,2.683097,1.434305,-2.481042,-0.04009,0.951159,0.010062999999999999,0.30592199999999997
10937499999,2.683264,1.436672,-2.4812529999999997,-0.095364,0.948308,-0.010109,0.302516
10950000000,2.6848970000000003,1.444212,-2.481448,-0.09188400000000001,0.9236030000000001,0.127865,0.349521
10962500000,2.682388,1.438402,-2.481315,-0.069445,0.935507,-0.001584,0.346413
10974999999,2.681679,1.438762,-2.482653,-0.11265599999999999,0.9396479999999999,-0.018442,0.32253699999999996
10987500000,2.681184,1.439799,-2.48081,-0.067628,0.9306110000000001,-0.023208000000000003,0.358957
10999999999,2.6793709999999997,1.440086,-2.482567,-0.07858,0.935549,-0.018308,0.343858
11012500000,2.6796,1.440799,-2.482482,-0.063451,0.927852,-0.0272,0.366503
11025000000,2.676543,1.442482,-2.4851509999999997,-0.056284,0.942056,-0.003467,0.330683
11037499999,2.67489,1.443956,-2.48654,-0.050421,0.9460280000000001,0.006561,0.32007199999999997
11050000000,2.671909,1.445343,-2.4881990000000003,-0.023903,0.9522149999999999,0.00237,0.304483
11062499999,2.673341,1.44579,-2.488357,-0.062058,0.945176,0.014464,0.320283
11075000000,2.669918,1.448067,-2.4893669999999997,-0.019661,0.9518610000000001,-0.00018700000000000002,0.305898
11087500000,2.669249,1.449315,-2.490288,-0.028455,0.950659,0.002102,0.308923
11099999999,2.668733,1.451267,-2.490869,-0.039934,0.949262,0.013309,0.311658
11112500000,2.667646,1.452059,-2.491485,-0.039213,0.950147,0.008787999999999999,0.309201
11124999999,2.667414,1.4535879999999999,-2.492407,-0.058852999999999996,0.946824,0.019712999999999998,0.315709
11137500000,2.667481,1.458768,-2.493933,-0.077096,0.9399780000000001,0.064478,0.326098
11150000000,2.664746,1.456567,-2.493016,-0.033458999999999996,0.949133,0.005882,0.313037
11162499999,2.666023,1.459783,-2.493252,-0.054326,0.942688,0.036265,0.32721999999999996
11175000000,2.66573,1.461341,-2.494204,-0.070529,0.940349,0.047213,0.32945399999999997
11187499999,2.664612,1.458443,-2.491943,-0.036459,0.942941,-0.026824,0.329869
11200000000,2.665501,1.458589,-2.491158,-0.054252999999999996,0.9336780000000001,-0.047879000000000005,0.35072800000000004
11212500000,2.670974,1.454144,-2.489693,-0.066816,0.8990469999999999,-0.11732200000000001,0.416516
11224999999,2.6644740000000002,1.460625,-2.491692,-0.066356,0.928529,-0.05488200000000001,0.361136
11237500000,2.6630700000000003,1.462699,-2.492689,-0.059914,0.932593,-0.042241,0.353407
11249999999,2.660679,1.465034,-2.494164,-0.05191799999999999,0.940059,-0.026304,0.336009
11262500000,2.658026,1.467992,-2.495445,-0.032152,0.9471450000000001,-0.009577,0.319048
11275000000,2.655957,1.470913,-2.497318,-0.036851,0.948609,0.005659,0.314246
11287499999,2.655201,1.4723680000000001,-2.497749,-0.037416000000000005,0.948342,0.004761,0.314999
11300000000,2.655726,1.47795,-2.49927,-0.06728300000000001,0.9416049999999999,0.063685,0.323726
11312499999,2.655724,1.47922,-2.499218,-0.084904,0.938047,0.061413,0.330285
11325000000,2.653175,1.475992,-2.498886,-0.046776,0.9475889999999999,0.011466,0.315841
11337500000,2.6537439999999997,1.4805979999999999,-2.499945,-0.073025,0.9404809999999999,0.060150999999999996,0.326413
11349999999,2.652757,1.481641,-2.500197,-0.069716,0.941011,0.059677,0.32569499999999996
11362500000,2.650505,1.478881,-2.499833,-0.041498,0.948356,0.008690999999999999,0.314363
11374999999,2.6511560000000003,1.484159,-2.5012119999999998,-0.066588,0.940082,0.06901,0.327185
11387500000,2.650375,1.485635,-2.5017650000000002,-0.071491,0.9390930000000001,0.07846900000000001,0.326857
11400000000,2.649809,1.485364,-2.501822,-0.066603,0.939401,0.06645,0.32965700000000003
11412499999,2.648213,1.4854530000000001,-2.50164,-0.044943000000000004,0.94345,0.048727,0.324819
11425000000,2.6480029999999997,1.486242,-2.503209,-0.025465,0.94242,0.033688,0.331756
11437499999,2.646103,1.483039,-2.501344,-0.044814,0.947248,0.007890000000000001,0.317254
11450000000,2.6453740000000003,1.483662,-2.501635,-0.043038,0.947348,0.007677,0.317207
11462500000,2.64463,1.48423,-2.501916,-0.042032,0.947254,0.008421,0.317605
11474999999,2.6438740000000003,1.484587,-2.5022599999999997,-0.042386,0.9471569999999999,0.008767,0.317836
11487500000,2.643309,1.485488,-2.502728,-0.044781,0.94614,0.015891,0.320252
11499999999,2.64377,1.489444,-2.503792,-0.072304,0.939564,0.064202,0.328436
11512500000,2.642377,1.4898120000000001,-2.503714,-0.058954,0.9426709999999999,0.057723000000000003,0.323365
11525000000,2.64173,1.4900719999999998,-2.503829,-0.061502,0.942743,0.056981,0.322809
11537499999,2.6412459999999998,1.489726,-2.5037220000000002,-0.056347,0.94257,0.046556,0.325912
11550000000,2.640432,1.490612,-2.5042150000000003,-0.059555,0.942887,0.055345000000000005,0.323038
11562499999,2.6398669999999997,1.490329,-2.504244,-0.05415,0.9427479999999999,0.048048,0.325554
11575000000,2.6383099999999997,1.486804,-2.503673,-0.039813,0.9464799999999999,0.006232,0.320237
11587500000,2.637591,1.486811,-2.503825,-0.039182999999999996,0.9463389999999999,0.005753,0.320739
11599999999,2.636756,1.486728,-2.503947,-0.037318000000000004,0.9466,0.0036119999999999998,0.320222
11612500000,2.636075,1.48674,-2.504107,-0.038728,0.9465680000000001,0.003363,0.320153
11624999999,2.6355470000000003,1.4868139999999999,-2.504238,-0.041996,0.946233,0.005503,0.3207
11637500000,2.6355470000000003,1.4868139999999999,-2.504238,-0.041996,0.946233,0.005503,0.3207
11650000000,2.6346130000000003,1.4873370000000001,-2.5040709999999997,-0.056086000000000004,0.944211,0.002598,0.324521
11662499999,2.633384,1.487639,-2.504432,-0.029921,0.947583,0.010525,0.317932
11675000000,2.631967,1.4913809999999998,-2.504112,0.00474,0.9494540000000001,0.04365,0.310819
11687499999,2.630687,1.490085,-2.505421,-0.010121,0.9511959999999999,0.031478,0.306812
11700000000,2.630867,1.4909999999999999,-2.504239,0.003759,0.948061,0.042626,0.315197
11712500000,2.630385,1.490696,-2.504281,0.002711,0.947701,0.038196,0.31685399999999997
11724999999,2.629759,1.4870860000000001,-2.5059009999999997,-0.050407,0.947192,0.023679,0.315793
11737500000,2.629334,1.4870510000000001,-2.505991,-0.054138,0.9465879999999999,0.024715,0.316907
11749999999,2.628346,1.489451,-2.505912,-0.074512,0.9508340000000001,0.007370999999999999,0.300514
11762500000,2.628346,1.489451,-2.505912,-0.074512,0.9508340000000001,0.007370999999999999,0.300514
11775000000,2.628346,1.489451,-2.505912,-0.074512,0.9508340000000001,0.007370999999999999,0.300514
11787499999,2.628346,1.489451,-2.505912,-0.074512,0.9508340000000001,0.007370999999999999,0.300514
11800000000,2.626848,1.4863819999999999,-2.506242,-0.047077999999999995,0.944781,0.022825,0.323498
11812499999,2.6259419999999998,1.487723,-2.506275,-0.048964,0.945422,0.041901999999999995,0.319411
11825000000,2.625746,1.487632,-2.506513,-0.050291,0.944119,0.042805,0.322919
11837500000,2.625289,1.4875040000000002,-2.50658,-0.052851999999999996,0.9436899999999999,0.044108999999999995,0.32359
11849999999,2.624759,1.4873399999999999,-2.5066189999999997,-0.05391900000000001,0.943326,0.045266,0.324315
11862500000,2.6243090000000002,1.487162,-2.5067009999999996,-0.05338,0.942607,0.046865,0.326261
11874999999,2.62387,1.486918,-2.5067880000000002,-0.052164999999999996,0.941766,0.048928,0.32857600000000003
11887500000,2.6238080000000004,1.48729,-2.507549,-0.019766,0.9399129999999999,0.036897000000000006,0.338839
11900000000,2.623212,1.486258,-2.507069,-0.055762,0.9394520000000001,0.051573,0.334156
11912499999,2.622256,1.485108,-2.506425,-0.07660399999999999,0.939699,0.037239999999999995,0.331226
11925000000,2.622075,1.4857790000000002,-2.506948,-0.061651,0.938694,0.057263999999999995,0.334327
11937499999,2.621466,1.484107,-2.5066889999999997,-0.066148,0.9395700000000001,0.047417,0.332541
11950000000,2.620998,1.483749,-2.5066919999999997,-0.066861,0.9390729999999999,0.049324,0.333525
11962500000,2.620551,1.483423,-2.506696,-0.070458,0.9385370000000001,0.050731,0.334082
11974999999,2.620113,1.483049,-2.506679,-0.074656,0.9378569999999999,0.05316799999999999,0.334701
11987500000,2.620113,1.483049,-2.506679,-0.074656,0.9378569999999999,0.05316799999999999,0.334701
11999999999,2.620062,1.4847299999999999,-2.505554,-0.058137,0.931636,0.077543,0.35023200000000004
12012500000,2.6189560000000003,1.482146,-2.5066900000000003,-0.085142,0.9347620000000001,0.061284000000000005,0.339434
12025000000,2.618584,1.4818209999999998,-2.5066669999999998,-0.08888099999999999,0.9340430000000001,0.06392,0.339968
12037499999,2.618259,1.483576,-2.505816,-0.084244,0.9317799999999999,0.07610399999999999,0.344814
12050000000,2.61786,1.482435,-2.506191,-0.07813099999999999,0.930367,0.08426499999999999,0.348156
12062499999,2.617155,1.479165,-2.5066080000000004,-0.093078,0.931325,0.076423,0.3437
12075000000,2.616643,1.477184,-2.506671,-0.100868,0.9300959999999999,0.078169,0.344435
12087500000,2.616231,1.475047,-2.50654,-0.11134300000000001,0.927991,0.089023,0.344254
12099999999,2.611942,1.467711,-2.506236,-0.002316,0.94631,-0.0027760000000000003,0.32324
12112500000,2.611311,1.464764,-2.505817,-0.01615,0.946873,0.015373,0.320834
12124999999,2.610863,1.463194,-2.5054060000000002,-0.014525999999999999,0.946157,0.058285000000000003,0.318087
12137500000,2.610318,1.4587649999999999,-2.505026,0.010686,0.9444549999999999,0.048179,0.324915
12150000000,2.609898,1.4493639999999999,-2.5060540000000002,-0.052869000000000006,0.943844,0.043657999999999995,0.32319899999999996
12162499999,2.611567,1.448025,-2.504689,-0.06768400000000001,0.928126,0.113452,0.348036
12175000000,2.609386,1.433914,-2.50558,-0.048638,0.942457,0.024403,0.32987
12187499999,2.609029,1.425825,-2.505431,-0.048201999999999995,0.9415629999999999,0.031076999999999997,0.33192
12200000000,2.609449,1.417018,-2.505055,-0.096546,0.940271,0.0055049999999999995,0.326403
12212500000,2.608576,1.413929,-2.5059310000000004,-0.114299,0.92717,0.123948,0.334556
12224999999,2.605131,1.414851,-2.504464,-0.196153,0.877725,0.304311,0.313875
12237500000,2.607457,1.387348,-2.50546,-0.06144500000000001,0.938868,0.039304,0.336462
12249999999,2.6069139999999997,1.393248,-2.505962,-0.300344,0.8395540000000001,0.323255,0.316936
12262500000,2.606017,1.360654,-2.5051900000000002,-0.033746,0.9424389999999999,0.005627,0.332622
12275000000,2.6059349999999997,1.349437,-2.505389,-0.037986,0.9412219999999999,0.017983000000000002,0.335163
12287499999,2.605252,1.336191,-2.505593,-0.033477999999999994,0.941951,0.006806,0.33400799999999997
12300000000,2.604623,1.324254,-2.505419,-0.023819999999999997,0.9434950000000001,0.006142,0.330473
12312499999,2.603987,1.310401,-2.505466,-0.013919999999999998,0.9441209999999999,-0.010697,0.32913200000000004
12325000000,2.603453,1.296956,-2.505497,-0.010565,0.943946,-0.014634000000000001,0.329608
